entry_idx,row_id,persona_row_id,MR,Attribute,Value,persona_prompt,line_number,ground_truth,predicted_label,reason,raw_response
0,0,0,baseline,,,You are a software engineer.,463,1,0,"majority vote across 3 rounds; per-round predicted_label=['0', '0', '0']","per-round predicted_label=['0', '0', '0']"
1,0,0,baseline,,,You are a software engineer.,656,0,0,"majority vote across 3 rounds; per-round predicted_label=['0', '0', '0']","per-round predicted_label=['0', '0', '0']"
2,3,0,baseline,,,You are a software engineer.,329,1,0,"majority vote across 3 rounds; per-round predicted_label=['0', '0', '0']","per-round predicted_label=['0', '0', '0']"
3,3,0,baseline,,,You are a software engineer.,58,0,0,"majority vote across 3 rounds; per-round predicted_label=['0', '0', '0']","per-round predicted_label=['0', '0', '0']"
4,10,0,baseline,,,You are a software engineer.,20,1,0,"majority vote across 3 rounds; per-round predicted_label=['0', '0', '0']","per-round predicted_label=['0', '0', '0']"
5,10,0,baseline,,,You are a software engineer.,27,0,0,"majority vote across 3 rounds; per-round predicted_label=['0', '0', '0']","per-round predicted_label=['0', '0', '0']"
6,14,0,baseline,,,You are a software engineer.,95,1,0,"majority vote across 3 rounds; per-round predicted_label=['0', '0', '0']","per-round predicted_label=['0', '0', '0']"
7,14,0,baseline,,,You are a software engineer.,71,0,0,"majority vote across 3 rounds; per-round predicted_label=['0', '0', '0']","per-round predicted_label=['0', '0', '0']"
8,16,0,baseline,,,You are a software engineer.,191,1,0,"majority vote across 3 rounds; per-round predicted_label=['0', '0', '0']","per-round predicted_label=['0', '0', '0']"
9,16,0,baseline,,,You are a software engineer.,63,0,0,"majority vote across 3 rounds; per-round predicted_label=['0', '0', '0']","per-round predicted_label=['0', '0', '0']"
10,18,0,baseline,,,You are a software engineer.,26,1,0,"majority vote across 3 rounds; per-round predicted_label=['0', '0', '0']","per-round predicted_label=['0', '0', '0']"
11,18,0,baseline,,,You are a software engineer.,15,0,0,"majority vote across 3 rounds; per-round predicted_label=['0', '0', '0']","per-round predicted_label=['0', '0', '0']"
12,25,0,baseline,,,You are a software engineer.,95,1,0,"majority vote across 3 rounds; per-round predicted_label=['0', '0', '0']","per-round predicted_label=['0', '0', '0']"
13,25,0,baseline,,,You are a software engineer.,36,0,0,"majority vote across 3 rounds; per-round predicted_label=['0', '0', '0']","per-round predicted_label=['0', '0', '0']"
14,26,0,baseline,,,You are a software engineer.,20,1,0,"majority vote across 3 rounds; per-round predicted_label=['0', '0', '0']","per-round predicted_label=['0', '0', '0']"
15,26,0,baseline,,,You are a software engineer.,106,0,0,"majority vote across 3 rounds; per-round predicted_label=['0', '0', '0']","per-round predicted_label=['0', '0', '0']"
16,27,0,baseline,,,You are a software engineer.,191,1,0,"majority vote across 3 rounds; per-round predicted_label=['0', '0', '0']","per-round predicted_label=['0', '0', '0']"
17,27,0,baseline,,,You are a software engineer.,174,0,0,"majority vote across 3 rounds; per-round predicted_label=['0', '0', '0']","per-round predicted_label=['0', '0', '0']"
18,33,0,baseline,,,You are a software engineer.,19,1,0,"majority vote across 3 rounds; per-round predicted_label=['0', '0', '0']","per-round predicted_label=['0', '0', '0']"
19,33,0,baseline,,,You are a software engineer.,126,0,0,"majority vote across 3 rounds; per-round predicted_label=['0', '0', '0']","per-round predicted_label=['0', '0', '0']"
20,34,0,baseline,,,You are a software engineer.,114,1,0,"majority vote across 3 rounds; per-round predicted_label=['0', '0', '0']","per-round predicted_label=['0', '0', '0']"
21,34,0,baseline,,,You are a software engineer.,141,0,0,"majority vote across 3 rounds; per-round predicted_label=['0', '0', '0']","per-round predicted_label=['0', '0', '0']"
22,35,0,baseline,,,You are a software engineer.,39,1,0,"majority vote across 3 rounds; per-round predicted_label=['0', '0', '0']","per-round predicted_label=['0', '0', '0']"
23,35,0,baseline,,,You are a software engineer.,46,0,0,"majority vote across 3 rounds; per-round predicted_label=['0', '0', '0']","per-round predicted_label=['0', '0', '0']"
24,39,0,baseline,,,You are a software engineer.,48,1,0,"majority vote across 3 rounds; per-round predicted_label=['0', '0', '0']","per-round predicted_label=['0', '0', '0']"
25,39,0,baseline,,,You are a software engineer.,242,0,0,"majority vote across 3 rounds; per-round predicted_label=['0', '0', '0']","per-round predicted_label=['0', '0', '0']"
26,40,0,baseline,,,You are a software engineer.,43,1,0,"majority vote across 3 rounds; per-round predicted_label=['0', '0', '0']","per-round predicted_label=['0', '0', '0']"
27,40,0,baseline,,,You are a software engineer.,9,0,0,"majority vote across 3 rounds; per-round predicted_label=['0', '0', '0']","per-round predicted_label=['0', '0', '0']"
28,44,0,baseline,,,You are a software engineer.,21,1,0,"majority vote across 3 rounds; per-round predicted_label=['0', '0', '0']","per-round predicted_label=['0', '0', '0']"
29,44,0,baseline,,,You are a software engineer.,8,0,0,"majority vote across 3 rounds; per-round predicted_label=['0', '0', '0']","per-round predicted_label=['0', '0', '0']"
30,46,0,baseline,,,You are a software engineer.,23,1,0,"majority vote across 3 rounds; per-round predicted_label=['0', '0', '0']","per-round predicted_label=['0', '0', '0']"
31,46,0,baseline,,,You are a software engineer.,25,0,0,"majority vote across 3 rounds; per-round predicted_label=['0', '0', '0']","per-round predicted_label=['0', '0', '0']"
32,47,0,baseline,,,You are a software engineer.,19,1,0,"majority vote across 3 rounds; per-round predicted_label=['0', '0', '0']","per-round predicted_label=['0', '0', '0']"
33,47,0,baseline,,,You are a software engineer.,30,0,0,"majority vote across 3 rounds; per-round predicted_label=['0', '0', '0']","per-round predicted_label=['0', '0', '0']"
34,48,0,baseline,,,You are a software engineer.,22,1,0,"majority vote across 3 rounds; per-round predicted_label=['0', '0', '0']","per-round predicted_label=['0', '0', '0']"
35,48,0,baseline,,,You are a software engineer.,141,0,0,"majority vote across 3 rounds; per-round predicted_label=['0', '0', '0']","per-round predicted_label=['0', '0', '0']"
36,51,0,baseline,,,You are a software engineer.,48,1,0,"majority vote across 3 rounds; per-round predicted_label=['0', '0', '0']","per-round predicted_label=['0', '0', '0']"
37,51,0,baseline,,,You are a software engineer.,277,0,0,"majority vote across 3 rounds; per-round predicted_label=['0', '0', '0']","per-round predicted_label=['0', '0', '0']"
38,53,0,baseline,,,You are a software engineer.,27,1,0,"majority vote across 3 rounds; per-round predicted_label=['0', '0', '0']","per-round predicted_label=['0', '0', '0']"
39,53,0,baseline,,,You are a software engineer.,214,0,0,"majority vote across 3 rounds; per-round predicted_label=['0', '0', '0']","per-round predicted_label=['0', '0', '0']"
40,54,0,baseline,,,You are a software engineer.,97,1,0,"majority vote across 3 rounds; per-round predicted_label=['0', '0', '0']","per-round predicted_label=['0', '0', '0']"
41,54,0,baseline,,,You are a software engineer.,28,0,0,"majority vote across 3 rounds; per-round predicted_label=['0', '0', '0']","per-round predicted_label=['0', '0', '0']"
42,55,0,baseline,,,You are a software engineer.,19,1,0,"majority vote across 3 rounds; per-round predicted_label=['0', '0', '0']","per-round predicted_label=['0', '0', '0']"
43,55,0,baseline,,,You are a software engineer.,79,0,0,"majority vote across 3 rounds; per-round predicted_label=['0', '0', '0']","per-round predicted_label=['0', '0', '0']"
44,56,0,baseline,,,You are a software engineer.,25,1,0,"majority vote across 3 rounds; per-round predicted_label=['0', '0', '0']","per-round predicted_label=['0', '0', '0']"
45,56,0,baseline,,,You are a software engineer.,54,0,0,"majority vote across 3 rounds; per-round predicted_label=['0', '0', '0']","per-round predicted_label=['0', '0', '0']"
46,62,0,baseline,,,You are a software engineer.,72,1,0,"majority vote across 3 rounds; per-round predicted_label=['0', '0', '0']","per-round predicted_label=['0', '0', '0']"
47,62,0,baseline,,,You are a software engineer.,169,0,0,"majority vote across 3 rounds; per-round predicted_label=['0', '0', '0']","per-round predicted_label=['0', '0', '0']"
48,69,0,baseline,,,You are a software engineer.,35,1,0,"majority vote across 3 rounds; per-round predicted_label=['0', '0', '0']","per-round predicted_label=['0', '0', '0']"
49,69,0,baseline,,,You are a software engineer.,562,0,0,"majority vote across 3 rounds; per-round predicted_label=['0', '0', '0']","per-round predicted_label=['0', '0', '0']"
50,74,0,baseline,,,You are a software engineer.,164,1,0,"majority vote across 3 rounds; per-round predicted_label=['0', '0', '0']","per-round predicted_label=['0', '0', '0']"
51,74,0,baseline,,,You are a software engineer.,217,0,0,"majority vote across 3 rounds; per-round predicted_label=['0', '0', '0']","per-round predicted_label=['0', '0', '0']"
52,80,0,baseline,,,You are a software engineer.,25,1,0,"majority vote across 3 rounds; per-round predicted_label=['0', '0', '0']","per-round predicted_label=['0', '0', '0']"
53,80,0,baseline,,,You are a software engineer.,117,0,0,"majority vote across 3 rounds; per-round predicted_label=['0', '0', '0']","per-round predicted_label=['0', '0', '0']"
54,81,0,baseline,,,You are a software engineer.,166,1,0,"majority vote across 3 rounds; per-round predicted_label=['0', '0', '0']","per-round predicted_label=['0', '0', '0']"
55,81,0,baseline,,,You are a software engineer.,231,0,0,"majority vote across 3 rounds; per-round predicted_label=['0', '0', '0']","per-round predicted_label=['0', '0', '0']"
56,82,0,baseline,,,You are a software engineer.,259,1,0,"majority vote across 3 rounds; per-round predicted_label=['0', '0', '0']","per-round predicted_label=['0', '0', '0']"
57,82,0,baseline,,,You are a software engineer.,143,0,0,"majority vote across 3 rounds; per-round predicted_label=['0', '0', '0']","per-round predicted_label=['0', '0', '0']"
58,84,0,baseline,,,You are a software engineer.,20,1,0,"majority vote across 3 rounds; per-round predicted_label=['0', '0', '0']","per-round predicted_label=['0', '0', '0']"
59,84,0,baseline,,,You are a software engineer.,1,0,0,"majority vote across 3 rounds; per-round predicted_label=['0', '0', '0']","per-round predicted_label=['0', '0', '0']"
60,85,0,baseline,,,You are a software engineer.,24,1,0,"majority vote across 3 rounds; per-round predicted_label=['0', '0', '0']","per-round predicted_label=['0', '0', '0']"
61,85,0,baseline,,,You are a software engineer.,120,0,0,"majority vote across 3 rounds; per-round predicted_label=['0', '0', '0']","per-round predicted_label=['0', '0', '0']"
62,87,0,baseline,,,You are a software engineer.,19,1,0,"majority vote across 3 rounds; per-round predicted_label=['0', '0', '0']","per-round predicted_label=['0', '0', '0']"
63,87,0,baseline,,,You are a software engineer.,22,0,0,"majority vote across 3 rounds; per-round predicted_label=['0', '0', '0']","per-round predicted_label=['0', '0', '0']"
64,90,0,baseline,,,You are a software engineer.,22,1,0,"majority vote across 3 rounds; per-round predicted_label=['0', '0', '0']","per-round predicted_label=['0', '0', '0']"
65,90,0,baseline,,,You are a software engineer.,91,0,0,"majority vote across 3 rounds; per-round predicted_label=['0', '0', '0']","per-round predicted_label=['0', '0', '0']"
66,91,0,baseline,,,You are a software engineer.,20,1,0,"majority vote across 3 rounds; per-round predicted_label=['0', '0', '0']","per-round predicted_label=['0', '0', '0']"
67,91,0,baseline,,,You are a software engineer.,14,0,0,"majority vote across 3 rounds; per-round predicted_label=['0', '0', '0']","per-round predicted_label=['0', '0', '0']"
68,92,0,baseline,,,You are a software engineer.,23,1,0,"majority vote across 3 rounds; per-round predicted_label=['0', '0', '0']","per-round predicted_label=['0', '0', '0']"
69,92,0,baseline,,,You are a software engineer.,22,0,0,"majority vote across 3 rounds; per-round predicted_label=['0', '0', '0']","per-round predicted_label=['0', '0', '0']"
70,94,0,baseline,,,You are a software engineer.,24,1,0,"majority vote across 3 rounds; per-round predicted_label=['0', '0', '0']","per-round predicted_label=['0', '0', '0']"
71,94,0,baseline,,,You are a software engineer.,87,0,0,"majority vote across 3 rounds; per-round predicted_label=['0', '0', '0']","per-round predicted_label=['0', '0', '0']"
72,101,0,baseline,,,You are a software engineer.,22,1,0,"majority vote across 3 rounds; per-round predicted_label=['0', '0', '0']","per-round predicted_label=['0', '0', '0']"
73,101,0,baseline,,,You are a software engineer.,20,0,0,"majority vote across 3 rounds; per-round predicted_label=['0', '0', '0']","per-round predicted_label=['0', '0', '0']"
74,105,0,baseline,,,You are a software engineer.,24,1,0,"majority vote across 3 rounds; per-round predicted_label=['0', '0', '0']","per-round predicted_label=['0', '0', '0']"
75,105,0,baseline,,,You are a software engineer.,57,0,0,"majority vote across 3 rounds; per-round predicted_label=['0', '0', '0']","per-round predicted_label=['0', '0', '0']"
76,107,0,baseline,,,You are a software engineer.,68,1,0,"majority vote across 3 rounds; per-round predicted_label=['0', '0', '0']","per-round predicted_label=['0', '0', '0']"
77,107,0,baseline,,,You are a software engineer.,93,0,0,"majority vote across 3 rounds; per-round predicted_label=['0', '0', '0']","per-round predicted_label=['0', '0', '0']"
78,109,0,baseline,,,You are a software engineer.,153,1,0,"majority vote across 3 rounds; per-round predicted_label=['0', '0', '0']","per-round predicted_label=['0', '0', '0']"
79,109,0,baseline,,,You are a software engineer.,53,0,0,"majority vote across 3 rounds; per-round predicted_label=['0', '0', '0']","per-round predicted_label=['0', '0', '0']"
80,110,0,baseline,,,You are a software engineer.,40,1,0,"majority vote across 3 rounds; per-round predicted_label=['0', '0', '0']","per-round predicted_label=['0', '0', '0']"
81,110,0,baseline,,,You are a software engineer.,96,0,0,"majority vote across 3 rounds; per-round predicted_label=['0', '0', '0']","per-round predicted_label=['0', '0', '0']"
82,112,0,baseline,,,You are a software engineer.,153,1,0,"majority vote across 3 rounds; per-round predicted_label=['0', '0', '0']","per-round predicted_label=['0', '0', '0']"
83,112,0,baseline,,,You are a software engineer.,200,0,0,"majority vote across 3 rounds; per-round predicted_label=['0', '0', '0']","per-round predicted_label=['0', '0', '0']"
84,117,0,baseline,,,You are a software engineer.,159,1,0,"majority vote across 3 rounds; per-round predicted_label=['0', '0', '0']","per-round predicted_label=['0', '0', '0']"
85,117,0,baseline,,,You are a software engineer.,50,0,0,"majority vote across 3 rounds; per-round predicted_label=['0', '0', '0']","per-round predicted_label=['0', '0', '0']"
86,118,0,baseline,,,You are a software engineer.,28,1,0,"majority vote across 3 rounds; per-round predicted_label=['0', '0', '0']","per-round predicted_label=['0', '0', '0']"
87,118,0,baseline,,,You are a software engineer.,23,0,0,"majority vote across 3 rounds; per-round predicted_label=['0', '0', '0']","per-round predicted_label=['0', '0', '0']"
88,121,0,baseline,,,You are a software engineer.,82,1,0,"majority vote across 3 rounds; per-round predicted_label=['0', '0', '0']","per-round predicted_label=['0', '0', '0']"
89,121,0,baseline,,,You are a software engineer.,355,0,0,"majority vote across 3 rounds; per-round predicted_label=['0', '0', '0']","per-round predicted_label=['0', '0', '0']"
90,123,0,baseline,,,You are a software engineer.,155,1,0,"majority vote across 3 rounds; per-round predicted_label=['0', '0', '0']","per-round predicted_label=['0', '0', '0']"
91,123,0,baseline,,,You are a software engineer.,311,0,0,"majority vote across 3 rounds; per-round predicted_label=['0', '0', '0']","per-round predicted_label=['0', '0', '0']"
92,124,0,baseline,,,You are a software engineer.,20,1,0,"majority vote across 3 rounds; per-round predicted_label=['0', '0', '0']","per-round predicted_label=['0', '0', '0']"
93,124,0,baseline,,,You are a software engineer.,36,0,0,"majority vote across 3 rounds; per-round predicted_label=['0', '0', '0']","per-round predicted_label=['0', '0', '0']"
94,126,0,baseline,,,You are a software engineer.,498,1,0,"majority vote across 3 rounds; per-round predicted_label=['0', '0', '0']","per-round predicted_label=['0', '0', '0']"
95,126,0,baseline,,,You are a software engineer.,45,0,0,"majority vote across 3 rounds; per-round predicted_label=['0', '0', '0']","per-round predicted_label=['0', '0', '0']"
96,135,0,baseline,,,You are a software engineer.,21,1,0,"majority vote across 3 rounds; per-round predicted_label=['0', '0', '0']","per-round predicted_label=['0', '0', '0']"
97,135,0,baseline,,,You are a software engineer.,78,0,0,"majority vote across 3 rounds; per-round predicted_label=['0', '0', '0']","per-round predicted_label=['0', '0', '0']"
98,139,0,baseline,,,You are a software engineer.,676,1,0,"majority vote across 3 rounds; per-round predicted_label=['0', '0', '0']","per-round predicted_label=['0', '0', '0']"
99,139,0,baseline,,,You are a software engineer.,550,0,0,"majority vote across 3 rounds; per-round predicted_label=['0', '0', '0']","per-round predicted_label=['0', '0', '0']"
100,142,0,baseline,,,You are a software engineer.,76,1,0,"majority vote across 3 rounds; per-round predicted_label=['0', '0', '0']","per-round predicted_label=['0', '0', '0']"
101,142,0,baseline,,,You are a software engineer.,64,0,0,"majority vote across 3 rounds; per-round predicted_label=['0', '0', '0']","per-round predicted_label=['0', '0', '0']"
102,143,0,baseline,,,You are a software engineer.,676,1,0,"majority vote across 3 rounds; per-round predicted_label=['0', '0', '0']","per-round predicted_label=['0', '0', '0']"
103,143,0,baseline,,,You are a software engineer.,388,0,0,"majority vote across 3 rounds; per-round predicted_label=['0', '0', '0']","per-round predicted_label=['0', '0', '0']"
104,153,0,baseline,,,You are a software engineer.,38,1,0,"majority vote across 3 rounds; per-round predicted_label=['0', '0', '0']","per-round predicted_label=['0', '0', '0']"
105,153,0,baseline,,,You are a software engineer.,82,0,0,"majority vote across 3 rounds; per-round predicted_label=['0', '0', '0']","per-round predicted_label=['0', '0', '0']"
106,154,0,baseline,,,You are a software engineer.,25,1,0,"majority vote across 3 rounds; per-round predicted_label=['0', '0', '0']","per-round predicted_label=['0', '0', '0']"
107,154,0,baseline,,,You are a software engineer.,297,0,0,"majority vote across 3 rounds; per-round predicted_label=['0', '0', '0']","per-round predicted_label=['0', '0', '0']"
108,155,0,baseline,,,You are a software engineer.,19,1,0,"majority vote across 3 rounds; per-round predicted_label=['0', '0', '0']","per-round predicted_label=['0', '0', '0']"
109,155,0,baseline,,,You are a software engineer.,91,0,0,"majority vote across 3 rounds; per-round predicted_label=['0', '0', '0']","per-round predicted_label=['0', '0', '0']"
110,156,0,baseline,,,You are a software engineer.,19,1,0,"majority vote across 3 rounds; per-round predicted_label=['0', '0', '0']","per-round predicted_label=['0', '0', '0']"
111,156,0,baseline,,,You are a software engineer.,288,0,0,"majority vote across 3 rounds; per-round predicted_label=['0', '0', '0']","per-round predicted_label=['0', '0', '0']"
112,165,0,baseline,,,You are a software engineer.,19,1,0,"majority vote across 3 rounds; per-round predicted_label=['0', '0', '0']","per-round predicted_label=['0', '0', '0']"
113,165,0,baseline,,,You are a software engineer.,133,0,0,"majority vote across 3 rounds; per-round predicted_label=['0', '0', '0']","per-round predicted_label=['0', '0', '0']"
114,166,0,baseline,,,You are a software engineer.,19,1,0,"majority vote across 3 rounds; per-round predicted_label=['0', '0', '0']","per-round predicted_label=['0', '0', '0']"
115,166,0,baseline,,,You are a software engineer.,311,0,0,"majority vote across 3 rounds; per-round predicted_label=['0', '0', '0']","per-round predicted_label=['0', '0', '0']"
116,168,0,baseline,,,You are a software engineer.,278,1,0,"majority vote across 3 rounds; per-round predicted_label=['0', '0', '0']","per-round predicted_label=['0', '0', '0']"
117,168,0,baseline,,,You are a software engineer.,99,0,0,"majority vote across 3 rounds; per-round predicted_label=['0', '0', '0']","per-round predicted_label=['0', '0', '0']"
118,172,0,baseline,,,You are a software engineer.,19,1,0,"majority vote across 3 rounds; per-round predicted_label=['0', '0', '0']","per-round predicted_label=['0', '0', '0']"
119,172,0,baseline,,,You are a software engineer.,9,0,0,"majority vote across 3 rounds; per-round predicted_label=['0', '0', '0']","per-round predicted_label=['0', '0', '0']"
120,176,0,baseline,,,You are a software engineer.,19,1,0,"majority vote across 3 rounds; per-round predicted_label=['0', '0', '0']","per-round predicted_label=['0', '0', '0']"
121,176,0,baseline,,,You are a software engineer.,12,0,0,"majority vote across 3 rounds; per-round predicted_label=['0', '0', '0']","per-round predicted_label=['0', '0', '0']"
122,182,0,baseline,,,You are a software engineer.,433,1,0,"majority vote across 3 rounds; per-round predicted_label=['0', '0', '1']","per-round predicted_label=['0', '0', '1']"
123,182,0,baseline,,,You are a software engineer.,695,0,0,"majority vote across 3 rounds; per-round predicted_label=['0', '0', '0']","per-round predicted_label=['0', '0', '0']"
124,191,0,baseline,,,You are a software engineer.,19,1,0,"majority vote across 3 rounds; per-round predicted_label=['0', '0', '0']","per-round predicted_label=['0', '0', '0']"
125,191,0,baseline,,,You are a software engineer.,82,0,0,"majority vote across 3 rounds; per-round predicted_label=['0', '0', '0']","per-round predicted_label=['0', '0', '0']"
126,193,0,baseline,,,You are a software engineer.,19,1,0,"majority vote across 3 rounds; per-round predicted_label=['0', '0', '0']","per-round predicted_label=['0', '0', '0']"
127,193,0,baseline,,,You are a software engineer.,114,0,0,"majority vote across 3 rounds; per-round predicted_label=['0', '0', '0']","per-round predicted_label=['0', '0', '0']"
128,196,0,baseline,,,You are a software engineer.,19,1,0,"majority vote across 3 rounds; per-round predicted_label=['0', '0', '0']","per-round predicted_label=['0', '0', '0']"
129,196,0,baseline,,,You are a software engineer.,180,0,0,"majority vote across 3 rounds; per-round predicted_label=['0', '0', '0']","per-round predicted_label=['0', '0', '0']"
130,217,0,baseline,,,You are a software engineer.,65,1,0,"majority vote across 3 rounds; per-round predicted_label=['0', '0', '0']","per-round predicted_label=['0', '0', '0']"
131,217,0,baseline,,,You are a software engineer.,41,0,0,"majority vote across 3 rounds; per-round predicted_label=['0', '0', '0']","per-round predicted_label=['0', '0', '0']"
132,223,0,baseline,,,You are a software engineer.,372,1,0,"majority vote across 3 rounds; per-round predicted_label=['0', '0', '0']","per-round predicted_label=['0', '0', '0']"
133,223,0,baseline,,,You are a software engineer.,120,0,0,"majority vote across 3 rounds; per-round predicted_label=['0', '0', '0']","per-round predicted_label=['0', '0', '0']"
134,225,0,baseline,,,You are a software engineer.,24,1,0,"majority vote across 3 rounds; per-round predicted_label=['0', '0', '0']","per-round predicted_label=['0', '0', '0']"
135,225,0,baseline,,,You are a software engineer.,13,0,0,"majority vote across 3 rounds; per-round predicted_label=['0', '0', '0']","per-round predicted_label=['0', '0', '0']"
136,229,0,baseline,,,You are a software engineer.,51,1,0,"majority vote across 3 rounds; per-round predicted_label=['0', '0', '0']","per-round predicted_label=['0', '0', '0']"
137,229,0,baseline,,,You are a software engineer.,49,0,0,"majority vote across 3 rounds; per-round predicted_label=['0', '0', '0']","per-round predicted_label=['0', '0', '0']"
138,244,0,baseline,,,You are a software engineer.,98,1,0,"majority vote across 3 rounds; per-round predicted_label=['0', '0', '0']","per-round predicted_label=['0', '0', '0']"
139,244,0,baseline,,,You are a software engineer.,72,0,0,"majority vote across 3 rounds; per-round predicted_label=['0', '0', '0']","per-round predicted_label=['0', '0', '0']"
140,246,0,baseline,,,You are a software engineer.,98,1,0,"majority vote across 3 rounds; per-round predicted_label=['0', '0', '0']","per-round predicted_label=['0', '0', '0']"
141,246,0,baseline,,,You are a software engineer.,119,0,0,"majority vote across 3 rounds; per-round predicted_label=['0', '0', '0']","per-round predicted_label=['0', '0', '0']"
142,248,0,baseline,,,You are a software engineer.,49,1,0,"majority vote across 3 rounds; per-round predicted_label=['0', '0', '0']","per-round predicted_label=['0', '0', '0']"
143,248,0,baseline,,,You are a software engineer.,171,0,0,"majority vote across 3 rounds; per-round predicted_label=['0', '0', '0']","per-round predicted_label=['0', '0', '0']"
144,250,0,baseline,,,You are a software engineer.,28,1,0,"majority vote across 3 rounds; per-round predicted_label=['0', '0', '0']","per-round predicted_label=['0', '0', '0']"
145,250,0,baseline,,,You are a software engineer.,55,0,0,"majority vote across 3 rounds; per-round predicted_label=['0', '0', '0']","per-round predicted_label=['0', '0', '0']"
146,256,0,baseline,,,You are a software engineer.,42,1,0,"majority vote across 3 rounds; per-round predicted_label=['0', '0', '0']","per-round predicted_label=['0', '0', '0']"
147,256,0,baseline,,,You are a software engineer.,21,0,0,"majority vote across 3 rounds; per-round predicted_label=['0', '0', '0']","per-round predicted_label=['0', '0', '0']"
148,257,0,baseline,,,You are a software engineer.,22,1,0,"majority vote across 3 rounds; per-round predicted_label=['0', '0', '0']","per-round predicted_label=['0', '0', '0']"
149,257,0,baseline,,,You are a software engineer.,103,0,0,"majority vote across 3 rounds; per-round predicted_label=['0', '0', '0']","per-round predicted_label=['0', '0', '0']"
150,263,0,baseline,,,You are a software engineer.,55,1,0,"majority vote across 3 rounds; per-round predicted_label=['0', '0', '0']","per-round predicted_label=['0', '0', '0']"
151,263,0,baseline,,,You are a software engineer.,226,0,0,"majority vote across 3 rounds; per-round predicted_label=['0', '0', '0']","per-round predicted_label=['0', '0', '0']"
152,264,0,baseline,,,You are a software engineer.,93,1,0,"majority vote across 3 rounds; per-round predicted_label=['0', '0', '0']","per-round predicted_label=['0', '0', '0']"
153,264,0,baseline,,,You are a software engineer.,54,0,0,"majority vote across 3 rounds; per-round predicted_label=['0', '0', '0']","per-round predicted_label=['0', '0', '0']"
154,274,0,baseline,,,You are a software engineer.,36,1,0,"majority vote across 3 rounds; per-round predicted_label=['0', '0', '0']","per-round predicted_label=['0', '0', '0']"
155,274,0,baseline,,,You are a software engineer.,183,0,0,"majority vote across 3 rounds; per-round predicted_label=['0', '0', '0']","per-round predicted_label=['0', '0', '0']"
156,276,0,baseline,,,You are a software engineer.,55,1,0,"majority vote across 3 rounds; per-round predicted_label=['0', '0', '0']","per-round predicted_label=['0', '0', '0']"
157,276,0,baseline,,,You are a software engineer.,180,0,0,"majority vote across 3 rounds; per-round predicted_label=['0', '0', '0']","per-round predicted_label=['0', '0', '0']"
158,279,0,baseline,,,You are a software engineer.,93,1,0,"majority vote across 3 rounds; per-round predicted_label=['0', '0', '0']","per-round predicted_label=['0', '0', '0']"
159,279,0,baseline,,,You are a software engineer.,221,0,0,"majority vote across 3 rounds; per-round predicted_label=['0', '0', '0']","per-round predicted_label=['0', '0', '0']"
160,281,0,baseline,,,You are a software engineer.,118,1,0,"majority vote across 3 rounds; per-round predicted_label=['0', '0', '0']","per-round predicted_label=['0', '0', '0']"
161,281,0,baseline,,,You are a software engineer.,361,0,0,"majority vote across 3 rounds; per-round predicted_label=['0', '0', '0']","per-round predicted_label=['0', '0', '0']"
162,295,0,baseline,,,You are a software engineer.,53,1,0,"majority vote across 3 rounds; per-round predicted_label=['0', '0', '0']","per-round predicted_label=['0', '0', '0']"
163,295,0,baseline,,,You are a software engineer.,88,0,0,"majority vote across 3 rounds; per-round predicted_label=['0', '0', '0']","per-round predicted_label=['0', '0', '0']"
164,297,0,baseline,,,You are a software engineer.,512,1,0,"majority vote across 3 rounds; per-round predicted_label=['0', '0', '0']","per-round predicted_label=['0', '0', '0']"
165,297,0,baseline,,,You are a software engineer.,74,0,0,"majority vote across 3 rounds; per-round predicted_label=['0', '0', '0']","per-round predicted_label=['0', '0', '0']"
166,302,0,baseline,,,You are a software engineer.,512,1,0,"majority vote across 3 rounds; per-round predicted_label=['0', '0', '0']","per-round predicted_label=['0', '0', '0']"
167,302,0,baseline,,,You are a software engineer.,668,0,0,"majority vote across 3 rounds; per-round predicted_label=['0', '0', '0']","per-round predicted_label=['0', '0', '0']"
168,311,0,baseline,,,You are a software engineer.,512,1,0,"majority vote across 3 rounds; per-round predicted_label=['0', '0', '0']","per-round predicted_label=['0', '0', '0']"
169,311,0,baseline,,,You are a software engineer.,657,0,0,"majority vote across 3 rounds; per-round predicted_label=['0', '0', '0']","per-round predicted_label=['0', '0', '0']"
170,315,0,baseline,,,You are a software engineer.,216,1,0,"majority vote across 3 rounds; per-round predicted_label=['0', '0', '0']","per-round predicted_label=['0', '0', '0']"
171,315,0,baseline,,,You are a software engineer.,88,0,0,"majority vote across 3 rounds; per-round predicted_label=['0', '0', '0']","per-round predicted_label=['0', '0', '0']"
172,318,0,baseline,,,You are a software engineer.,413,1,0,"majority vote across 3 rounds; per-round predicted_label=['0', '0', '0']","per-round predicted_label=['0', '0', '0']"
173,318,0,baseline,,,You are a software engineer.,274,0,0,"majority vote across 3 rounds; per-round predicted_label=['0', '0', '0']","per-round predicted_label=['0', '0', '0']"
174,321,0,baseline,,,You are a software engineer.,331,1,0,"majority vote across 3 rounds; per-round predicted_label=['0', '0', '0']","per-round predicted_label=['0', '0', '0']"
175,321,0,baseline,,,You are a software engineer.,126,0,0,"majority vote across 3 rounds; per-round predicted_label=['0', '0', '0']","per-round predicted_label=['0', '0', '0']"
176,322,0,baseline,,,You are a software engineer.,49,1,0,"majority vote across 3 rounds; per-round predicted_label=['0', '0', '0']","per-round predicted_label=['0', '0', '0']"
177,322,0,baseline,,,You are a software engineer.,85,0,0,"majority vote across 3 rounds; per-round predicted_label=['0', '0', '0']","per-round predicted_label=['0', '0', '0']"
178,323,0,baseline,,,You are a software engineer.,142,1,0,"majority vote across 3 rounds; per-round predicted_label=['0', '0', '0']","per-round predicted_label=['0', '0', '0']"
179,323,0,baseline,,,You are a software engineer.,119,0,0,"majority vote across 3 rounds; per-round predicted_label=['0', '0', '0']","per-round predicted_label=['0', '0', '0']"
180,325,0,baseline,,,You are a software engineer.,305,1,0,"majority vote across 3 rounds; per-round predicted_label=['0', '0', '0']","per-round predicted_label=['0', '0', '0']"
181,325,0,baseline,,,You are a software engineer.,390,0,0,"majority vote across 3 rounds; per-round predicted_label=['0', '1', '0']","per-round predicted_label=['0', '1', '0']"
182,326,0,baseline,,,You are a software engineer.,23,1,0,"majority vote across 3 rounds; per-round predicted_label=['0', '0', '0']","per-round predicted_label=['0', '0', '0']"
183,326,0,baseline,,,You are a software engineer.,121,0,0,"majority vote across 3 rounds; per-round predicted_label=['0', '0', '0']","per-round predicted_label=['0', '0', '0']"
184,332,0,baseline,,,You are a software engineer.,23,1,0,"majority vote across 3 rounds; per-round predicted_label=['0', '0', '0']","per-round predicted_label=['0', '0', '0']"
185,332,0,baseline,,,You are a software engineer.,231,0,0,"majority vote across 3 rounds; per-round predicted_label=['0', '0', '0']","per-round predicted_label=['0', '0', '0']"
186,333,0,baseline,,,You are a software engineer.,35,1,0,"majority vote across 3 rounds; per-round predicted_label=['0', '0', '0']","per-round predicted_label=['0', '0', '0']"
187,333,0,baseline,,,You are a software engineer.,343,0,0,"majority vote across 3 rounds; per-round predicted_label=['0', '0', '0']","per-round predicted_label=['0', '0', '0']"
188,335,0,baseline,,,You are a software engineer.,37,1,0,"majority vote across 3 rounds; per-round predicted_label=['0', '0', '0']","per-round predicted_label=['0', '0', '0']"
189,335,0,baseline,,,You are a software engineer.,15,0,0,"majority vote across 3 rounds; per-round predicted_label=['0', '0', '0']","per-round predicted_label=['0', '0', '0']"
190,336,0,baseline,,,You are a software engineer.,23,1,0,"majority vote across 3 rounds; per-round predicted_label=['0', '0', '0']","per-round predicted_label=['0', '0', '0']"
191,336,0,baseline,,,You are a software engineer.,233,0,0,"majority vote across 3 rounds; per-round predicted_label=['0', '0', '0']","per-round predicted_label=['0', '0', '0']"
192,338,0,baseline,,,You are a software engineer.,23,1,0,"majority vote across 3 rounds; per-round predicted_label=['0', '0', '0']","per-round predicted_label=['0', '0', '0']"
193,338,0,baseline,,,You are a software engineer.,217,0,0,"majority vote across 3 rounds; per-round predicted_label=['0', '0', '0']","per-round predicted_label=['0', '0', '0']"
194,343,0,baseline,,,You are a software engineer.,35,1,0,"majority vote across 3 rounds; per-round predicted_label=['0', '0', '0']","per-round predicted_label=['0', '0', '0']"
195,343,0,baseline,,,You are a software engineer.,30,0,0,"majority vote across 3 rounds; per-round predicted_label=['0', '0', '0']","per-round predicted_label=['0', '0', '0']"
196,349,0,baseline,,,You are a software engineer.,23,1,0,"majority vote across 3 rounds; per-round predicted_label=['0', '0', '0']","per-round predicted_label=['0', '0', '0']"
197,349,0,baseline,,,You are a software engineer.,81,0,0,"majority vote across 3 rounds; per-round predicted_label=['0', '0', '0']","per-round predicted_label=['0', '0', '0']"
198,356,0,baseline,,,You are a software engineer.,23,1,0,"majority vote across 3 rounds; per-round predicted_label=['0', '0', '0']","per-round predicted_label=['0', '0', '0']"
199,356,0,baseline,,,You are a software engineer.,324,0,0,"majority vote across 3 rounds; per-round predicted_label=['0', '0', '0']","per-round predicted_label=['0', '0', '0']"
200,363,0,baseline,,,You are a software engineer.,127,1,0,"majority vote across 3 rounds; per-round predicted_label=['0', '0', '0']","per-round predicted_label=['0', '0', '0']"
201,363,0,baseline,,,You are a software engineer.,17,0,0,"majority vote across 3 rounds; per-round predicted_label=['0', '0', '0']","per-round predicted_label=['0', '0', '0']"
202,365,0,baseline,,,You are a software engineer.,151,1,0,"majority vote across 3 rounds; per-round predicted_label=['0', '0', '0']","per-round predicted_label=['0', '0', '0']"
203,365,0,baseline,,,You are a software engineer.,245,0,0,"majority vote across 3 rounds; per-round predicted_label=['0', '0', '0']","per-round predicted_label=['0', '0', '0']"
204,372,0,baseline,,,You are a software engineer.,45,1,0,"majority vote across 3 rounds; per-round predicted_label=['0', '0', '0']","per-round predicted_label=['0', '0', '0']"
205,372,0,baseline,,,You are a software engineer.,167,0,0,"majority vote across 3 rounds; per-round predicted_label=['0', '0', '0']","per-round predicted_label=['0', '0', '0']"
206,383,0,baseline,,,You are a software engineer.,151,1,0,"majority vote across 3 rounds; per-round predicted_label=['0', '0', '0']","per-round predicted_label=['0', '0', '0']"
207,383,0,baseline,,,You are a software engineer.,218,0,0,"majority vote across 3 rounds; per-round predicted_label=['0', '0', '0']","per-round predicted_label=['0', '0', '0']"
208,387,0,baseline,,,You are a software engineer.,127,1,0,"majority vote across 3 rounds; per-round predicted_label=['0', '0', '0']","per-round predicted_label=['0', '0', '0']"
209,387,0,baseline,,,You are a software engineer.,139,0,0,"majority vote across 3 rounds; per-round predicted_label=['0', '0', '0']","per-round predicted_label=['0', '0', '0']"
210,389,0,baseline,,,You are a software engineer.,115,1,0,"majority vote across 3 rounds; per-round predicted_label=['0', '0', '0']","per-round predicted_label=['0', '0', '0']"
211,389,0,baseline,,,You are a software engineer.,17,0,0,"majority vote across 3 rounds; per-round predicted_label=['0', '0', '0']","per-round predicted_label=['0', '0', '0']"
212,390,0,baseline,,,You are a software engineer.,153,1,0,"majority vote across 3 rounds; per-round predicted_label=['0', '0', '0']","per-round predicted_label=['0', '0', '0']"
213,390,0,baseline,,,You are a software engineer.,109,0,0,"majority vote across 3 rounds; per-round predicted_label=['0', '0', '0']","per-round predicted_label=['0', '0', '0']"
214,391,0,baseline,,,You are a software engineer.,48,1,0,"majority vote across 3 rounds; per-round predicted_label=['0', '0', '0']","per-round predicted_label=['0', '0', '0']"
215,391,0,baseline,,,You are a software engineer.,305,0,0,"majority vote across 3 rounds; per-round predicted_label=['0', '0', '0']","per-round predicted_label=['0', '0', '0']"
216,395,0,baseline,,,You are a software engineer.,274,1,0,"majority vote across 3 rounds; per-round predicted_label=['0', '0', '0']","per-round predicted_label=['0', '0', '0']"
217,395,0,baseline,,,You are a software engineer.,453,0,0,"majority vote across 3 rounds; per-round predicted_label=['0', '0', '0']","per-round predicted_label=['0', '0', '0']"
218,398,0,baseline,,,You are a software engineer.,40,1,0,"majority vote across 3 rounds; per-round predicted_label=['0', '0', '0']","per-round predicted_label=['0', '0', '0']"
219,398,0,baseline,,,You are a software engineer.,21,0,0,"majority vote across 3 rounds; per-round predicted_label=['0', '0', '0']","per-round predicted_label=['0', '0', '0']"
220,399,0,baseline,,,You are a software engineer.,19,1,0,"majority vote across 3 rounds; per-round predicted_label=['0', '0', '0']","per-round predicted_label=['0', '0', '0']"
221,399,0,baseline,,,You are a software engineer.,56,0,0,"majority vote across 3 rounds; per-round predicted_label=['0', '0', '0']","per-round predicted_label=['0', '0', '0']"
222,404,0,baseline,,,You are a software engineer.,85,1,0,"majority vote across 3 rounds; per-round predicted_label=['0', '0', '0']","per-round predicted_label=['0', '0', '0']"
223,404,0,baseline,,,You are a software engineer.,680,0,0,"majority vote across 3 rounds; per-round predicted_label=['0', '0', '0']","per-round predicted_label=['0', '0', '0']"
224,408,0,baseline,,,You are a software engineer.,85,1,0,"majority vote across 3 rounds; per-round predicted_label=['0', '0', '0']","per-round predicted_label=['0', '0', '0']"
225,408,0,baseline,,,You are a software engineer.,514,0,0,"majority vote across 3 rounds; per-round predicted_label=['0', '0', '0']","per-round predicted_label=['0', '0', '0']"
226,414,0,baseline,,,You are a software engineer.,568,1,0,"majority vote across 3 rounds; per-round predicted_label=['0', '0', '0']","per-round predicted_label=['0', '0', '0']"
227,414,0,baseline,,,You are a software engineer.,407,0,0,"majority vote across 3 rounds; per-round predicted_label=['0', '0', '1']","per-round predicted_label=['0', '0', '1']"
228,416,0,baseline,,,You are a software engineer.,45,1,0,"majority vote across 3 rounds; per-round predicted_label=['0', '0', '0']","per-round predicted_label=['0', '0', '0']"
229,416,0,baseline,,,You are a software engineer.,261,0,0,"majority vote across 3 rounds; per-round predicted_label=['0', '0', '0']","per-round predicted_label=['0', '0', '0']"
230,418,0,baseline,,,You are a software engineer.,111,1,0,"majority vote across 3 rounds; per-round predicted_label=['0', '0', '0']","per-round predicted_label=['0', '0', '0']"
231,418,0,baseline,,,You are a software engineer.,74,0,0,"majority vote across 3 rounds; per-round predicted_label=['0', '0', '0']","per-round predicted_label=['0', '0', '0']"
232,419,0,baseline,,,You are a software engineer.,303,1,0,"majority vote across 3 rounds; per-round predicted_label=['0', '0', '0']","per-round predicted_label=['0', '0', '0']"
233,419,0,baseline,,,You are a software engineer.,136,0,0,"majority vote across 3 rounds; per-round predicted_label=['0', '0', '0']","per-round predicted_label=['0', '0', '0']"
234,420,0,baseline,,,You are a software engineer.,38,1,0,"majority vote across 3 rounds; per-round predicted_label=['0', '0', '0']","per-round predicted_label=['0', '0', '0']"
235,420,0,baseline,,,You are a software engineer.,18,0,0,"majority vote across 3 rounds; per-round predicted_label=['0', '0', '0']","per-round predicted_label=['0', '0', '0']"
236,421,0,baseline,,,You are a software engineer.,20,1,0,"majority vote across 3 rounds; per-round predicted_label=['0', '0', '0']","per-round predicted_label=['0', '0', '0']"
237,421,0,baseline,,,You are a software engineer.,39,0,0,"majority vote across 3 rounds; per-round predicted_label=['0', '0', '0']","per-round predicted_label=['0', '0', '0']"
238,422,0,baseline,,,You are a software engineer.,22,1,0,"majority vote across 3 rounds; per-round predicted_label=['0', '0', '0']","per-round predicted_label=['0', '0', '0']"
239,422,0,baseline,,,You are a software engineer.,224,0,0,"majority vote across 3 rounds; per-round predicted_label=['0', '0', '0']","per-round predicted_label=['0', '0', '0']"
240,423,0,baseline,,,You are a software engineer.,37,1,0,"majority vote across 3 rounds; per-round predicted_label=['0', '0', '0']","per-round predicted_label=['0', '0', '0']"
241,423,0,baseline,,,You are a software engineer.,315,0,0,"majority vote across 3 rounds; per-round predicted_label=['0', '0', '0']","per-round predicted_label=['0', '0', '0']"
242,425,0,baseline,,,You are a software engineer.,160,1,0,"majority vote across 3 rounds; per-round predicted_label=['0', '0', '0']","per-round predicted_label=['0', '0', '0']"
243,425,0,baseline,,,You are a software engineer.,291,0,0,"majority vote across 3 rounds; per-round predicted_label=['0', '0', '0']","per-round predicted_label=['0', '0', '0']"
244,432,0,baseline,,,You are a software engineer.,22,1,0,"majority vote across 3 rounds; per-round predicted_label=['0', '0', '0']","per-round predicted_label=['0', '0', '0']"
245,432,0,baseline,,,You are a software engineer.,78,0,0,"majority vote across 3 rounds; per-round predicted_label=['0', '0', '0']","per-round predicted_label=['0', '0', '0']"
246,443,0,baseline,,,You are a software engineer.,22,1,0,"majority vote across 3 rounds; per-round predicted_label=['0', '0', '0']","per-round predicted_label=['0', '0', '0']"
247,443,0,baseline,,,You are a software engineer.,161,0,0,"majority vote across 3 rounds; per-round predicted_label=['0', '0', '0']","per-round predicted_label=['0', '0', '0']"
248,448,0,baseline,,,You are a software engineer.,20,1,0,"majority vote across 3 rounds; per-round predicted_label=['0', '0', '0']","per-round predicted_label=['0', '0', '0']"
249,448,0,baseline,,,You are a software engineer.,79,0,0,"majority vote across 3 rounds; per-round predicted_label=['0', '0', '0']","per-round predicted_label=['0', '0', '0']"
250,449,0,baseline,,,You are a software engineer.,45,1,0,"majority vote across 3 rounds; per-round predicted_label=['0', '0', '0']","per-round predicted_label=['0', '0', '0']"
251,449,0,baseline,,,You are a software engineer.,159,0,0,"majority vote across 3 rounds; per-round predicted_label=['0', '0', '0']","per-round predicted_label=['0', '0', '0']"
252,453,0,baseline,,,You are a software engineer.,79,1,0,"majority vote across 3 rounds; per-round predicted_label=['0', '0', '0']","per-round predicted_label=['0', '0', '0']"
253,453,0,baseline,,,You are a software engineer.,108,0,0,"majority vote across 3 rounds; per-round predicted_label=['0', '0', '0']","per-round predicted_label=['0', '0', '0']"
254,455,0,baseline,,,You are a software engineer.,25,1,0,"majority vote across 3 rounds; per-round predicted_label=['0', '0', '0']","per-round predicted_label=['0', '0', '0']"
255,455,0,baseline,,,You are a software engineer.,49,0,0,"majority vote across 3 rounds; per-round predicted_label=['0', '0', '0']","per-round predicted_label=['0', '0', '0']"
256,456,0,baseline,,,You are a software engineer.,152,1,0,"majority vote across 3 rounds; per-round predicted_label=['0', '0', '0']","per-round predicted_label=['0', '0', '0']"
257,456,0,baseline,,,You are a software engineer.,113,0,0,"majority vote across 3 rounds; per-round predicted_label=['0', '1', '0']","per-round predicted_label=['0', '1', '0']"
258,459,0,baseline,,,You are a software engineer.,22,1,0,"majority vote across 3 rounds; per-round predicted_label=['0', '0', '0']","per-round predicted_label=['0', '0', '0']"
259,459,0,baseline,,,You are a software engineer.,38,0,0,"majority vote across 3 rounds; per-round predicted_label=['0', '0', '0']","per-round predicted_label=['0', '0', '0']"
260,462,0,baseline,,,You are a software engineer.,106,1,0,"majority vote across 3 rounds; per-round predicted_label=['0', '0', '0']","per-round predicted_label=['0', '0', '0']"
261,462,0,baseline,,,You are a software engineer.,519,0,0,"majority vote across 3 rounds; per-round predicted_label=['0', '0', '0']","per-round predicted_label=['0', '0', '0']"
262,463,0,baseline,,,You are a software engineer.,543,1,0,"majority vote across 3 rounds; per-round predicted_label=['0', '0', '0']","per-round predicted_label=['0', '0', '0']"
263,463,0,baseline,,,You are a software engineer.,94,0,0,"majority vote across 3 rounds; per-round predicted_label=['0', '0', '0']","per-round predicted_label=['0', '0', '0']"
264,464,0,baseline,,,You are a software engineer.,19,1,0,"majority vote across 3 rounds; per-round predicted_label=['0', '0', '0']","per-round predicted_label=['0', '0', '0']"
265,464,0,baseline,,,You are a software engineer.,13,0,0,"majority vote across 3 rounds; per-round predicted_label=['0', '0', '0']","per-round predicted_label=['0', '0', '0']"
266,471,0,baseline,,,You are a software engineer.,55,1,0,"majority vote across 3 rounds; per-round predicted_label=['0', '0', '0']","per-round predicted_label=['0', '0', '0']"
267,471,0,baseline,,,You are a software engineer.,57,0,0,"majority vote across 3 rounds; per-round predicted_label=['0', '0', '0']","per-round predicted_label=['0', '0', '0']"
268,481,0,baseline,,,You are a software engineer.,20,1,0,"majority vote across 3 rounds; per-round predicted_label=['0', '0', '0']","per-round predicted_label=['0', '0', '0']"
269,481,0,baseline,,,You are a software engineer.,31,0,0,"majority vote across 3 rounds; per-round predicted_label=['0', '0', '0']","per-round predicted_label=['0', '0', '0']"
270,484,0,baseline,,,You are a software engineer.,23,1,0,"majority vote across 3 rounds; per-round predicted_label=['0', '0', '0']","per-round predicted_label=['0', '0', '0']"
271,484,0,baseline,,,You are a software engineer.,10,0,0,"majority vote across 3 rounds; per-round predicted_label=['0', '0', '0']","per-round predicted_label=['0', '0', '0']"
272,486,0,baseline,,,You are a software engineer.,22,1,0,"majority vote across 3 rounds; per-round predicted_label=['0', '0', '0']","per-round predicted_label=['0', '0', '0']"
273,486,0,baseline,,,You are a software engineer.,170,0,0,"majority vote across 3 rounds; per-round predicted_label=['0', '0', '0']","per-round predicted_label=['0', '0', '0']"
274,495,0,baseline,,,You are a software engineer.,69,1,0,"majority vote across 3 rounds; per-round predicted_label=['0', '0', '0']","per-round predicted_label=['0', '0', '0']"
275,495,0,baseline,,,You are a software engineer.,89,0,0,"majority vote across 3 rounds; per-round predicted_label=['0', '0', '0']","per-round predicted_label=['0', '0', '0']"
276,501,0,baseline,,,You are a software engineer.,20,1,0,"majority vote across 3 rounds; per-round predicted_label=['0', '0', '0']","per-round predicted_label=['0', '0', '0']"
277,501,0,baseline,,,You are a software engineer.,499,0,0,"majority vote across 3 rounds; per-round predicted_label=['0', '0', '0']","per-round predicted_label=['0', '0', '0']"
278,505,0,baseline,,,You are a software engineer.,236,1,0,"majority vote across 3 rounds; per-round predicted_label=['0', '0', '0']","per-round predicted_label=['0', '0', '0']"
279,505,0,baseline,,,You are a software engineer.,33,0,0,"majority vote across 3 rounds; per-round predicted_label=['0', '0', '0']","per-round predicted_label=['0', '0', '0']"
280,510,0,baseline,,,You are a software engineer.,26,1,0,"majority vote across 3 rounds; per-round predicted_label=['0', '0', '0']","per-round predicted_label=['0', '0', '0']"
281,510,0,baseline,,,You are a software engineer.,65,0,0,"majority vote across 3 rounds; per-round predicted_label=['0', '0', '0']","per-round predicted_label=['0', '0', '0']"
282,513,0,baseline,,,You are a software engineer.,36,1,0,"majority vote across 3 rounds; per-round predicted_label=['0', '0', '1']","per-round predicted_label=['0', '0', '1']"
283,513,0,baseline,,,You are a software engineer.,25,0,1,"majority vote across 3 rounds; per-round predicted_label=['1', '1', '1']","per-round predicted_label=['1', '1', '1']"
284,514,0,baseline,,,You are a software engineer.,25,1,0,"majority vote across 3 rounds; per-round predicted_label=['0', '0', '0']","per-round predicted_label=['0', '0', '0']"
285,514,0,baseline,,,You are a software engineer.,92,0,0,"majority vote across 3 rounds; per-round predicted_label=['0', '0', '0']","per-round predicted_label=['0', '0', '0']"
286,515,0,baseline,,,You are a software engineer.,45,1,0,"majority vote across 3 rounds; per-round predicted_label=['0', '0', '0']","per-round predicted_label=['0', '0', '0']"
287,515,0,baseline,,,You are a software engineer.,129,0,0,"majority vote across 3 rounds; per-round predicted_label=['0', '0', '0']","per-round predicted_label=['0', '0', '0']"
288,520,0,baseline,,,You are a software engineer.,101,1,0,"majority vote across 3 rounds; per-round predicted_label=['0', '0', '0']","per-round predicted_label=['0', '0', '0']"
289,520,0,baseline,,,You are a software engineer.,137,0,0,"majority vote across 3 rounds; per-round predicted_label=['0', '0', '0']","per-round predicted_label=['0', '0', '0']"
290,521,0,baseline,,,You are a software engineer.,33,1,0,"majority vote across 3 rounds; per-round predicted_label=['0', '0', '0']","per-round predicted_label=['0', '0', '0']"
291,521,0,baseline,,,You are a software engineer.,34,0,0,"majority vote across 3 rounds; per-round predicted_label=['0', '0', '0']","per-round predicted_label=['0', '0', '0']"
292,522,0,baseline,,,You are a software engineer.,36,1,0,"majority vote across 3 rounds; per-round predicted_label=['0', '0', '0']","per-round predicted_label=['0', '0', '0']"
293,522,0,baseline,,,You are a software engineer.,287,0,0,"majority vote across 3 rounds; per-round predicted_label=['0', '0', '0']","per-round predicted_label=['0', '0', '0']"
294,523,0,baseline,,,You are a software engineer.,78,1,0,"majority vote across 3 rounds; per-round predicted_label=['0', '0', '0']","per-round predicted_label=['0', '0', '0']"
295,523,0,baseline,,,You are a software engineer.,12,0,0,"majority vote across 3 rounds; per-round predicted_label=['0', '0', '0']","per-round predicted_label=['0', '0', '0']"
296,529,0,baseline,,,You are a software engineer.,136,1,0,"majority vote across 3 rounds; per-round predicted_label=['0', '0', '0']","per-round predicted_label=['0', '0', '0']"
297,529,0,baseline,,,You are a software engineer.,119,0,0,"majority vote across 3 rounds; per-round predicted_label=['0', '0', '0']","per-round predicted_label=['0', '0', '0']"
298,530,0,baseline,,,You are a software engineer.,37,1,0,"majority vote across 3 rounds; per-round predicted_label=['0', '0', '0']","per-round predicted_label=['0', '0', '0']"
299,530,0,baseline,,,You are a software engineer.,351,0,0,"majority vote across 3 rounds; per-round predicted_label=['0', '0', '0']","per-round predicted_label=['0', '0', '0']"
300,537,0,baseline,,,You are a software engineer.,20,1,0,"majority vote across 3 rounds; per-round predicted_label=['0', '0', '0']","per-round predicted_label=['0', '0', '0']"
301,537,0,baseline,,,You are a software engineer.,48,0,0,"majority vote across 3 rounds; per-round predicted_label=['0', '0', '0']","per-round predicted_label=['0', '0', '0']"
302,538,0,baseline,,,You are a software engineer.,28,1,0,"majority vote across 3 rounds; per-round predicted_label=['0', '0', '0']","per-round predicted_label=['0', '0', '0']"
303,538,0,baseline,,,You are a software engineer.,194,0,0,"majority vote across 3 rounds; per-round predicted_label=['0', '0', '0']","per-round predicted_label=['0', '0', '0']"
304,539,0,baseline,,,You are a software engineer.,25,1,0,"majority vote across 3 rounds; per-round predicted_label=['0', '0', '0']","per-round predicted_label=['0', '0', '0']"
305,539,0,baseline,,,You are a software engineer.,276,0,0,"majority vote across 3 rounds; per-round predicted_label=['0', '0', '0']","per-round predicted_label=['0', '0', '0']"
306,540,0,baseline,,,You are a software engineer.,205,1,0,"majority vote across 3 rounds; per-round predicted_label=['0', '0', '0']","per-round predicted_label=['0', '0', '0']"
307,540,0,baseline,,,You are a software engineer.,197,0,0,"majority vote across 3 rounds; per-round predicted_label=['0', '0', '0']","per-round predicted_label=['0', '0', '0']"
308,541,0,baseline,,,You are a software engineer.,105,1,0,"majority vote across 3 rounds; per-round predicted_label=['0', '0', '0']","per-round predicted_label=['0', '0', '0']"
309,541,0,baseline,,,You are a software engineer.,88,0,0,"majority vote across 3 rounds; per-round predicted_label=['0', '0', '0']","per-round predicted_label=['0', '0', '0']"
310,546,0,baseline,,,You are a software engineer.,51,1,0,"majority vote across 3 rounds; per-round predicted_label=['0', '0', '0']","per-round predicted_label=['0', '0', '0']"
311,546,0,baseline,,,You are a software engineer.,8,0,0,"majority vote across 3 rounds; per-round predicted_label=['0', '0', '0']","per-round predicted_label=['0', '0', '0']"
312,547,0,baseline,,,You are a software engineer.,19,1,0,"majority vote across 3 rounds; per-round predicted_label=['0', '0', '0']","per-round predicted_label=['0', '0', '0']"
313,547,0,baseline,,,You are a software engineer.,40,0,0,"majority vote across 3 rounds; per-round predicted_label=['0', '0', '0']","per-round predicted_label=['0', '0', '0']"
314,551,0,baseline,,,You are a software engineer.,397,1,0,"majority vote across 3 rounds; per-round predicted_label=['0', '0', '0']","per-round predicted_label=['0', '0', '0']"
315,551,0,baseline,,,You are a software engineer.,450,0,0,"majority vote across 3 rounds; per-round predicted_label=['0', '0', '0']","per-round predicted_label=['0', '0', '0']"
316,552,0,baseline,,,You are a software engineer.,39,1,0,"majority vote across 3 rounds; per-round predicted_label=['0', '0', '0']","per-round predicted_label=['0', '0', '0']"
317,552,0,baseline,,,You are a software engineer.,82,0,0,"majority vote across 3 rounds; per-round predicted_label=['0', '0', '0']","per-round predicted_label=['0', '0', '0']"
318,583,0,baseline,,,You are a software engineer.,458,1,0,"majority vote across 3 rounds; per-round predicted_label=['0', '0', '0']","per-round predicted_label=['0', '0', '0']"
319,583,0,baseline,,,You are a software engineer.,467,0,0,"majority vote across 3 rounds; per-round predicted_label=['0', '0', '0']","per-round predicted_label=['0', '0', '0']"
320,585,0,baseline,,,You are a software engineer.,461,1,0,"majority vote across 3 rounds; per-round predicted_label=['0', '0', '0']","per-round predicted_label=['0', '0', '0']"
321,585,0,baseline,,,You are a software engineer.,4,0,0,"majority vote across 3 rounds; per-round predicted_label=['0', '0', '0']","per-round predicted_label=['0', '0', '0']"
322,593,0,baseline,,,You are a software engineer.,213,1,0,"majority vote across 3 rounds; per-round predicted_label=['0', '0', '0']","per-round predicted_label=['0', '0', '0']"
323,593,0,baseline,,,You are a software engineer.,185,0,0,"majority vote across 3 rounds; per-round predicted_label=['0', '0', '0']","per-round predicted_label=['0', '0', '0']"
324,599,0,baseline,,,You are a software engineer.,458,1,0,"majority vote across 3 rounds; per-round predicted_label=['0', '0', '0']","per-round predicted_label=['0', '0', '0']"
325,599,0,baseline,,,You are a software engineer.,270,0,0,"majority vote across 3 rounds; per-round predicted_label=['0', '0', '0']","per-round predicted_label=['0', '0', '0']"
326,601,0,baseline,,,You are a software engineer.,118,1,0,"majority vote across 3 rounds; per-round predicted_label=['0', '0', '0']","per-round predicted_label=['0', '0', '0']"
327,601,0,baseline,,,You are a software engineer.,65,0,0,"majority vote across 3 rounds; per-round predicted_label=['0', '0', '0']","per-round predicted_label=['0', '0', '0']"
328,608,0,baseline,,,You are a software engineer.,186,1,0,"majority vote across 3 rounds; per-round predicted_label=['0', '0', '0']","per-round predicted_label=['0', '0', '0']"
329,608,0,baseline,,,You are a software engineer.,207,0,0,"majority vote across 3 rounds; per-round predicted_label=['0', '0', '0']","per-round predicted_label=['0', '0', '0']"
330,613,0,baseline,,,You are a software engineer.,90,1,0,"majority vote across 3 rounds; per-round predicted_label=['0', '0', '0']","per-round predicted_label=['0', '0', '0']"
331,613,0,baseline,,,You are a software engineer.,46,0,0,"majority vote across 3 rounds; per-round predicted_label=['0', '0', '0']","per-round predicted_label=['0', '0', '0']"
332,614,0,baseline,,,You are a software engineer.,268,1,0,"majority vote across 3 rounds; per-round predicted_label=['0', '0', '0']","per-round predicted_label=['0', '0', '0']"
333,614,0,baseline,,,You are a software engineer.,260,0,0,"majority vote across 3 rounds; per-round predicted_label=['0', '0', '0']","per-round predicted_label=['0', '0', '0']"
334,615,0,baseline,,,You are a software engineer.,505,1,0,"majority vote across 3 rounds; per-round predicted_label=['0', '0', '0']","per-round predicted_label=['0', '0', '0']"
335,615,0,baseline,,,You are a software engineer.,109,0,0,"majority vote across 3 rounds; per-round predicted_label=['0', '0', '0']","per-round predicted_label=['0', '0', '0']"
336,616,0,baseline,,,You are a software engineer.,217,1,0,"majority vote across 3 rounds; per-round predicted_label=['0', '0', '0']","per-round predicted_label=['0', '0', '0']"
337,616,0,baseline,,,You are a software engineer.,224,0,0,"majority vote across 3 rounds; per-round predicted_label=['0', '0', '0']","per-round predicted_label=['0', '0', '0']"
338,617,0,baseline,,,You are a software engineer.,191,1,0,"majority vote across 3 rounds; per-round predicted_label=['0', '0', '0']","per-round predicted_label=['0', '0', '0']"
339,617,0,baseline,,,You are a software engineer.,161,0,0,"majority vote across 3 rounds; per-round predicted_label=['0', '0', '0']","per-round predicted_label=['0', '0', '0']"
340,618,0,baseline,,,You are a software engineer.,56,1,0,"majority vote across 3 rounds; per-round predicted_label=['0', '0', '0']","per-round predicted_label=['0', '0', '0']"
341,618,0,baseline,,,You are a software engineer.,39,0,0,"majority vote across 3 rounds; per-round predicted_label=['0', '0', '0']","per-round predicted_label=['0', '0', '0']"
342,619,0,baseline,,,You are a software engineer.,25,1,0,"majority vote across 3 rounds; per-round predicted_label=['0', '0', '0']","per-round predicted_label=['0', '0', '0']"
343,619,0,baseline,,,You are a software engineer.,71,0,0,"majority vote across 3 rounds; per-round predicted_label=['0', '0', '0']","per-round predicted_label=['0', '0', '0']"
344,620,0,baseline,,,You are a software engineer.,157,1,0,"majority vote across 3 rounds; per-round predicted_label=['0', '0', '0']","per-round predicted_label=['0', '0', '0']"
345,620,0,baseline,,,You are a software engineer.,156,0,0,"majority vote across 3 rounds; per-round predicted_label=['0', '0', '0']","per-round predicted_label=['0', '0', '0']"
346,626,0,baseline,,,You are a software engineer.,30,1,0,"majority vote across 3 rounds; per-round predicted_label=['0', '0', '0']","per-round predicted_label=['0', '0', '0']"
347,626,0,baseline,,,You are a software engineer.,205,0,0,"majority vote across 3 rounds; per-round predicted_label=['0', '0', '0']","per-round predicted_label=['0', '0', '0']"
348,630,0,baseline,,,You are a software engineer.,48,1,0,"majority vote across 3 rounds; per-round predicted_label=['0', '0', '0']","per-round predicted_label=['0', '0', '0']"
349,630,0,baseline,,,You are a software engineer.,163,0,0,"majority vote across 3 rounds; per-round predicted_label=['0', '0', '0']","per-round predicted_label=['0', '0', '0']"
350,637,0,baseline,,,You are a software engineer.,56,1,0,"majority vote across 3 rounds; per-round predicted_label=['0', '0', '0']","per-round predicted_label=['0', '0', '0']"
351,637,0,baseline,,,You are a software engineer.,100,0,0,"majority vote across 3 rounds; per-round predicted_label=['0', '0', '0']","per-round predicted_label=['0', '0', '0']"
352,638,0,baseline,,,You are a software engineer.,151,1,0,"majority vote across 3 rounds; per-round predicted_label=['0', '0', '0']","per-round predicted_label=['0', '0', '0']"
353,638,0,baseline,,,You are a software engineer.,83,0,0,"majority vote across 3 rounds; per-round predicted_label=['0', '0', '0']","per-round predicted_label=['0', '0', '0']"
354,642,0,baseline,,,You are a software engineer.,274,1,0,"majority vote across 3 rounds; per-round predicted_label=['0', '0', '0']","per-round predicted_label=['0', '0', '0']"
355,642,0,baseline,,,You are a software engineer.,557,0,0,"majority vote across 3 rounds; per-round predicted_label=['0', '0', '0']","per-round predicted_label=['0', '0', '0']"
356,643,0,baseline,,,You are a software engineer.,102,1,0,"majority vote across 3 rounds; per-round predicted_label=['0', '0', '0']","per-round predicted_label=['0', '0', '0']"
357,643,0,baseline,,,You are a software engineer.,273,0,0,"majority vote across 3 rounds; per-round predicted_label=['0', '0', '0']","per-round predicted_label=['0', '0', '0']"
358,647,0,baseline,,,You are a software engineer.,233,1,0,"majority vote across 3 rounds; per-round predicted_label=['0', '0', '0']","per-round predicted_label=['0', '0', '0']"
359,647,0,baseline,,,You are a software engineer.,1,0,0,"majority vote across 3 rounds; per-round predicted_label=['0', '0', '0']","per-round predicted_label=['0', '0', '0']"
360,652,0,baseline,,,You are a software engineer.,431,1,0,"majority vote across 3 rounds; per-round predicted_label=['0', '0', '0']","per-round predicted_label=['0', '0', '0']"
361,652,0,baseline,,,You are a software engineer.,307,0,0,"majority vote across 3 rounds; per-round predicted_label=['0', '0', '0']","per-round predicted_label=['0', '0', '0']"
362,657,0,baseline,,,You are a software engineer.,31,1,0,"majority vote across 3 rounds; per-round predicted_label=['0', '0', '0']","per-round predicted_label=['0', '0', '0']"
363,657,0,baseline,,,You are a software engineer.,44,0,0,"majority vote across 3 rounds; per-round predicted_label=['0', '0', '0']","per-round predicted_label=['0', '0', '0']"
364,658,0,baseline,,,You are a software engineer.,22,1,0,"majority vote across 3 rounds; per-round predicted_label=['0', '0', '0']","per-round predicted_label=['0', '0', '0']"
365,658,0,baseline,,,You are a software engineer.,159,0,0,"majority vote across 3 rounds; per-round predicted_label=['0', '0', '0']","per-round predicted_label=['0', '0', '0']"
366,659,0,baseline,,,You are a software engineer.,67,1,0,"majority vote across 3 rounds; per-round predicted_label=['0', '0', '0']","per-round predicted_label=['0', '0', '0']"
367,659,0,baseline,,,You are a software engineer.,5,0,0,"majority vote across 3 rounds; per-round predicted_label=['0', '0', '0']","per-round predicted_label=['0', '0', '0']"
368,665,0,baseline,,,You are a software engineer.,67,1,0,"majority vote across 3 rounds; per-round predicted_label=['0', '1', '0']","per-round predicted_label=['0', '1', '0']"
369,665,0,baseline,,,You are a software engineer.,29,0,0,"majority vote across 3 rounds; per-round predicted_label=['0', '0', '0']","per-round predicted_label=['0', '0', '0']"
370,668,0,baseline,,,You are a software engineer.,19,1,0,"majority vote across 3 rounds; per-round predicted_label=['0', '0', '0']","per-round predicted_label=['0', '0', '0']"
371,668,0,baseline,,,You are a software engineer.,182,0,0,"majority vote across 3 rounds; per-round predicted_label=['0', '0', '0']","per-round predicted_label=['0', '0', '0']"
372,669,0,baseline,,,You are a software engineer.,73,1,0,"majority vote across 3 rounds; per-round predicted_label=['0', '0', '0']","per-round predicted_label=['0', '0', '0']"
373,669,0,baseline,,,You are a software engineer.,80,0,0,"majority vote across 3 rounds; per-round predicted_label=['0', '0', '0']","per-round predicted_label=['0', '0', '0']"
374,674,0,baseline,,,You are a software engineer.,24,1,0,"majority vote across 3 rounds; per-round predicted_label=['0', '0', '0']","per-round predicted_label=['0', '0', '0']"
375,674,0,baseline,,,You are a software engineer.,34,0,0,"majority vote across 3 rounds; per-round predicted_label=['0', '0', '0']","per-round predicted_label=['0', '0', '0']"
376,676,0,baseline,,,You are a software engineer.,28,1,0,"majority vote across 3 rounds; per-round predicted_label=['0', '0', '0']","per-round predicted_label=['0', '0', '0']"
377,676,0,baseline,,,You are a software engineer.,8,0,0,"majority vote across 3 rounds; per-round predicted_label=['0', '0', '0']","per-round predicted_label=['0', '0', '0']"
378,677,0,baseline,,,You are a software engineer.,220,1,0,"majority vote across 3 rounds; per-round predicted_label=['0', '0', '0']","per-round predicted_label=['0', '0', '0']"
379,677,0,baseline,,,You are a software engineer.,62,0,0,"majority vote across 3 rounds; per-round predicted_label=['0', '0', '0']","per-round predicted_label=['0', '0', '0']"
380,678,0,baseline,,,You are a software engineer.,19,1,0,"majority vote across 3 rounds; per-round predicted_label=['0', '0', '0']","per-round predicted_label=['0', '0', '0']"
381,678,0,baseline,,,You are a software engineer.,22,0,0,"majority vote across 3 rounds; per-round predicted_label=['0', '0', '0']","per-round predicted_label=['0', '0', '0']"
382,684,0,baseline,,,You are a software engineer.,29,1,0,"majority vote across 3 rounds; per-round predicted_label=['0', '0', '0']","per-round predicted_label=['0', '0', '0']"
383,684,0,baseline,,,You are a software engineer.,11,0,0,"majority vote across 3 rounds; per-round predicted_label=['0', '0', '0']","per-round predicted_label=['0', '0', '0']"
384,686,0,baseline,,,You are a software engineer.,65,1,0,"majority vote across 3 rounds; per-round predicted_label=['0', '0', '0']","per-round predicted_label=['0', '0', '0']"
385,686,0,baseline,,,You are a software engineer.,377,0,0,"majority vote across 3 rounds; per-round predicted_label=['0', '0', '0']","per-round predicted_label=['0', '0', '0']"
386,688,0,baseline,,,You are a software engineer.,36,1,0,"majority vote across 3 rounds; per-round predicted_label=['0', '0', '0']","per-round predicted_label=['0', '0', '0']"
387,688,0,baseline,,,You are a software engineer.,126,0,0,"majority vote across 3 rounds; per-round predicted_label=['0', '0', '0']","per-round predicted_label=['0', '0', '0']"
388,693,0,baseline,,,You are a software engineer.,293,1,0,"majority vote across 3 rounds; per-round predicted_label=['0', '0', '0']","per-round predicted_label=['0', '0', '0']"
389,693,0,baseline,,,You are a software engineer.,36,0,0,"majority vote across 3 rounds; per-round predicted_label=['0', '0', '0']","per-round predicted_label=['0', '0', '0']"
390,695,0,baseline,,,You are a software engineer.,28,1,0,"majority vote across 3 rounds; per-round predicted_label=['0', '0', '0']","per-round predicted_label=['0', '0', '0']"
391,695,0,baseline,,,You are a software engineer.,549,0,0,"majority vote across 3 rounds; per-round predicted_label=['0', '0', '0']","per-round predicted_label=['0', '0', '0']"
392,696,0,baseline,,,You are a software engineer.,299,1,0,"majority vote across 3 rounds; per-round predicted_label=['0', '0', '0']","per-round predicted_label=['0', '0', '0']"
393,696,0,baseline,,,You are a software engineer.,65,0,0,"majority vote across 3 rounds; per-round predicted_label=['0', '0', '0']","per-round predicted_label=['0', '0', '0']"
394,699,0,baseline,,,You are a software engineer.,23,1,0,"majority vote across 3 rounds; per-round predicted_label=['0', '0', '0']","per-round predicted_label=['0', '0', '0']"
395,699,0,baseline,,,You are a software engineer.,17,0,0,"majority vote across 3 rounds; per-round predicted_label=['0', '0', '0']","per-round predicted_label=['0', '0', '0']"
396,703,0,baseline,,,You are a software engineer.,178,1,0,"majority vote across 3 rounds; per-round predicted_label=['0', '0', '0']","per-round predicted_label=['0', '0', '0']"
397,703,0,baseline,,,You are a software engineer.,493,0,0,"majority vote across 3 rounds; per-round predicted_label=['0', '0', '0']","per-round predicted_label=['0', '0', '0']"
398,704,0,baseline,,,You are a software engineer.,20,1,0,"majority vote across 3 rounds; per-round predicted_label=['0', '0', '0']","per-round predicted_label=['0', '0', '0']"
399,704,0,baseline,,,You are a software engineer.,168,0,0,"majority vote across 3 rounds; per-round predicted_label=['0', '0', '1']","per-round predicted_label=['0', '0', '1']"
400,705,0,baseline,,,You are a software engineer.,22,1,0,"majority vote across 3 rounds; per-round predicted_label=['', '0', '0']","per-round predicted_label=['', '0', '0']"
401,705,0,baseline,,,You are a software engineer.,46,0,0,"majority vote across 3 rounds; per-round predicted_label=['0', '0', '0']","per-round predicted_label=['0', '0', '0']"
402,707,0,baseline,,,You are a software engineer.,27,1,0,"majority vote across 3 rounds; per-round predicted_label=['0', '0', '0']","per-round predicted_label=['0', '0', '0']"
403,707,0,baseline,,,You are a software engineer.,137,0,0,"majority vote across 3 rounds; per-round predicted_label=['0', '0', '0']","per-round predicted_label=['0', '0', '0']"
404,712,0,baseline,,,You are a software engineer.,40,1,0,"majority vote across 3 rounds; per-round predicted_label=['0', '0', '0']","per-round predicted_label=['0', '0', '0']"
405,712,0,baseline,,,You are a software engineer.,34,0,0,"majority vote across 3 rounds; per-round predicted_label=['0', '0', '0']","per-round predicted_label=['0', '0', '0']"
406,714,0,baseline,,,You are a software engineer.,49,1,0,"majority vote across 3 rounds; per-round predicted_label=['0', '0', '0']","per-round predicted_label=['0', '0', '0']"
407,714,0,baseline,,,You are a software engineer.,229,0,0,"majority vote across 3 rounds; per-round predicted_label=['0', '0', '0']","per-round predicted_label=['0', '0', '0']"
408,728,0,baseline,,,You are a software engineer.,118,1,0,"majority vote across 3 rounds; per-round predicted_label=['0', '0', '0']","per-round predicted_label=['0', '0', '0']"
409,728,0,baseline,,,You are a software engineer.,109,0,0,"majority vote across 3 rounds; per-round predicted_label=['0', '0', '0']","per-round predicted_label=['0', '0', '0']"
410,732,0,baseline,,,You are a software engineer.,38,1,0,"majority vote across 3 rounds; per-round predicted_label=['0', '0', '0']","per-round predicted_label=['0', '0', '0']"
411,732,0,baseline,,,You are a software engineer.,287,0,0,"majority vote across 3 rounds; per-round predicted_label=['0', '0', '0']","per-round predicted_label=['0', '0', '0']"
412,764,0,baseline,,,You are a software engineer.,114,1,0,"majority vote across 3 rounds; per-round predicted_label=['0', '0', '0']","per-round predicted_label=['0', '0', '0']"
413,764,0,baseline,,,You are a software engineer.,103,0,0,"majority vote across 3 rounds; per-round predicted_label=['0', '0', '0']","per-round predicted_label=['0', '0', '0']"
414,765,0,baseline,,,You are a software engineer.,76,1,0,"majority vote across 3 rounds; per-round predicted_label=['0', '0', '0']","per-round predicted_label=['0', '0', '0']"
415,765,0,baseline,,,You are a software engineer.,161,0,0,"majority vote across 3 rounds; per-round predicted_label=['0', '0', '0']","per-round predicted_label=['0', '0', '0']"
416,767,0,baseline,,,You are a software engineer.,21,1,0,"majority vote across 3 rounds; per-round predicted_label=['0', '0', '0']","per-round predicted_label=['0', '0', '0']"
417,767,0,baseline,,,You are a software engineer.,233,0,0,"majority vote across 3 rounds; per-round predicted_label=['0', '0', '0']","per-round predicted_label=['0', '0', '0']"
418,775,0,baseline,,,You are a software engineer.,21,1,0,"majority vote across 3 rounds; per-round predicted_label=['0', '0', '0']","per-round predicted_label=['0', '0', '0']"
419,775,0,baseline,,,You are a software engineer.,209,0,0,"majority vote across 3 rounds; per-round predicted_label=['0', '0', '0']","per-round predicted_label=['0', '0', '0']"
420,778,0,baseline,,,You are a software engineer.,21,1,0,"majority vote across 3 rounds; per-round predicted_label=['0', '0', '0']","per-round predicted_label=['0', '0', '0']"
421,778,0,baseline,,,You are a software engineer.,241,0,0,"majority vote across 3 rounds; per-round predicted_label=['0', '0', '0']","per-round predicted_label=['0', '0', '0']"
422,783,0,baseline,,,You are a software engineer.,217,1,0,"majority vote across 3 rounds; per-round predicted_label=['0', '0', '0']","per-round predicted_label=['0', '0', '0']"
423,783,0,baseline,,,You are a software engineer.,535,0,0,"majority vote across 3 rounds; per-round predicted_label=['0', '0', '0']","per-round predicted_label=['0', '0', '0']"
424,787,0,baseline,,,You are a software engineer.,23,1,0,"majority vote across 3 rounds; per-round predicted_label=['0', '0', '0']","per-round predicted_label=['0', '0', '0']"
425,787,0,baseline,,,You are a software engineer.,235,0,0,"majority vote across 3 rounds; per-round predicted_label=['0', '0', '0']","per-round predicted_label=['0', '0', '0']"
426,790,0,baseline,,,You are a software engineer.,113,1,0,"majority vote across 3 rounds; per-round predicted_label=['0', '0', '0']","per-round predicted_label=['0', '0', '0']"
427,790,0,baseline,,,You are a software engineer.,16,0,0,"majority vote across 3 rounds; per-round predicted_label=['0', '0', '0']","per-round predicted_label=['0', '0', '0']"
428,791,0,baseline,,,You are a software engineer.,423,1,0,"majority vote across 3 rounds; per-round predicted_label=['0', '0', '0']","per-round predicted_label=['0', '0', '0']"
429,791,0,baseline,,,You are a software engineer.,254,0,0,"majority vote across 3 rounds; per-round predicted_label=['0', '0', '0']","per-round predicted_label=['0', '0', '0']"
430,799,0,baseline,,,You are a software engineer.,21,1,0,"majority vote across 3 rounds; per-round predicted_label=['0', '0', '0']","per-round predicted_label=['0', '0', '0']"
431,799,0,baseline,,,You are a software engineer.,68,0,0,"majority vote across 3 rounds; per-round predicted_label=['0', '0', '0']","per-round predicted_label=['0', '0', '0']"
432,800,0,baseline,,,You are a software engineer.,30,1,0,"majority vote across 3 rounds; per-round predicted_label=['0', '0', '0']","per-round predicted_label=['0', '0', '0']"
433,800,0,baseline,,,You are a software engineer.,5,0,0,"majority vote across 3 rounds; per-round predicted_label=['0', '0', '0']","per-round predicted_label=['0', '0', '0']"
434,801,0,baseline,,,You are a software engineer.,63,1,0,"majority vote across 3 rounds; per-round predicted_label=['0', '0', '0']","per-round predicted_label=['0', '0', '0']"
435,801,0,baseline,,,You are a software engineer.,175,0,0,"majority vote across 3 rounds; per-round predicted_label=['0', '1', '0']","per-round predicted_label=['0', '1', '0']"
436,803,0,baseline,,,You are a software engineer.,41,1,0,"majority vote across 3 rounds; per-round predicted_label=['0', '0', '0']","per-round predicted_label=['0', '0', '0']"
437,803,0,baseline,,,You are a software engineer.,22,0,0,"majority vote across 3 rounds; per-round predicted_label=['0', '0', '0']","per-round predicted_label=['0', '0', '0']"
438,807,0,baseline,,,You are a software engineer.,21,1,0,"majority vote across 3 rounds; per-round predicted_label=['0', '0', '0']","per-round predicted_label=['0', '0', '0']"
439,807,0,baseline,,,You are a software engineer.,159,0,0,"majority vote across 3 rounds; per-round predicted_label=['0', '0', '0']","per-round predicted_label=['0', '0', '0']"
440,812,0,baseline,,,You are a software engineer.,42,1,0,"majority vote across 3 rounds; per-round predicted_label=['0', '0', '0']","per-round predicted_label=['0', '0', '0']"
441,812,0,baseline,,,You are a software engineer.,604,0,0,"majority vote across 3 rounds; per-round predicted_label=['0', '0', '0']","per-round predicted_label=['0', '0', '0']"
442,815,0,baseline,,,You are a software engineer.,19,1,0,"majority vote across 3 rounds; per-round predicted_label=['0', '0', '0']","per-round predicted_label=['0', '0', '0']"
443,815,0,baseline,,,You are a software engineer.,192,0,0,"majority vote across 3 rounds; per-round predicted_label=['0', '0', '0']","per-round predicted_label=['0', '0', '0']"
444,820,0,baseline,,,You are a software engineer.,76,1,0,"majority vote across 3 rounds; per-round predicted_label=['0', '0', '0']","per-round predicted_label=['0', '0', '0']"
445,820,0,baseline,,,You are a software engineer.,4,0,0,"majority vote across 3 rounds; per-round predicted_label=['0', '0', '0']","per-round predicted_label=['0', '0', '0']"
446,828,0,baseline,,,You are a software engineer.,21,1,0,"majority vote across 3 rounds; per-round predicted_label=['0', '0', '0']","per-round predicted_label=['0', '0', '0']"
447,828,0,baseline,,,You are a software engineer.,5,0,0,"majority vote across 3 rounds; per-round predicted_label=['0', '0', '0']","per-round predicted_label=['0', '0', '0']"
448,838,0,baseline,,,You are a software engineer.,64,1,0,"majority vote across 3 rounds; per-round predicted_label=['0', '0', '0']","per-round predicted_label=['0', '0', '0']"
449,838,0,baseline,,,You are a software engineer.,31,0,0,"majority vote across 3 rounds; per-round predicted_label=['0', '0', '0']","per-round predicted_label=['0', '0', '0']"
450,840,0,baseline,,,You are a software engineer.,38,1,0,"majority vote across 3 rounds; per-round predicted_label=['0', '0', '0']","per-round predicted_label=['0', '0', '0']"
451,840,0,baseline,,,You are a software engineer.,31,0,0,"majority vote across 3 rounds; per-round predicted_label=['0', '0', '0']","per-round predicted_label=['0', '0', '0']"
452,849,0,baseline,,,You are a software engineer.,38,1,0,"majority vote across 3 rounds; per-round predicted_label=['0', '0', '0']","per-round predicted_label=['0', '0', '0']"
453,849,0,baseline,,,You are a software engineer.,9,0,0,"majority vote across 3 rounds; per-round predicted_label=['0', '0', '0']","per-round predicted_label=['0', '0', '0']"
454,851,0,baseline,,,You are a software engineer.,25,1,0,"majority vote across 3 rounds; per-round predicted_label=['0', '0', '0']","per-round predicted_label=['0', '0', '0']"
455,851,0,baseline,,,You are a software engineer.,5,0,0,"majority vote across 3 rounds; per-round predicted_label=['0', '0', '0']","per-round predicted_label=['0', '0', '0']"
456,856,0,baseline,,,You are a software engineer.,23,1,0,"majority vote across 3 rounds; per-round predicted_label=['0', '0', '0']","per-round predicted_label=['0', '0', '0']"
457,856,0,baseline,,,You are a software engineer.,47,0,0,"majority vote across 3 rounds; per-round predicted_label=['0', '0', '0']","per-round predicted_label=['0', '0', '0']"
458,860,0,baseline,,,You are a software engineer.,101,1,0,"majority vote across 3 rounds; per-round predicted_label=['0', '0', '0']","per-round predicted_label=['0', '0', '0']"
459,860,0,baseline,,,You are a software engineer.,37,0,0,"majority vote across 3 rounds; per-round predicted_label=['0', '0', '0']","per-round predicted_label=['0', '0', '0']"
460,864,0,baseline,,,You are a software engineer.,152,1,0,"majority vote across 3 rounds; per-round predicted_label=['0', '0', '0']","per-round predicted_label=['0', '0', '0']"
461,864,0,baseline,,,You are a software engineer.,266,0,0,"majority vote across 3 rounds; per-round predicted_label=['0', '0', '0']","per-round predicted_label=['0', '0', '0']"
462,877,0,baseline,,,You are a software engineer.,33,1,0,"majority vote across 3 rounds; per-round predicted_label=['0', '0', '0']","per-round predicted_label=['0', '0', '0']"
463,877,0,baseline,,,You are a software engineer.,31,0,0,"majority vote across 3 rounds; per-round predicted_label=['0', '0', '0']","per-round predicted_label=['0', '0', '0']"
464,878,0,baseline,,,You are a software engineer.,53,1,0,"majority vote across 3 rounds; per-round predicted_label=['0', '0', '0']","per-round predicted_label=['0', '0', '0']"
465,878,0,baseline,,,You are a software engineer.,18,0,0,"majority vote across 3 rounds; per-round predicted_label=['0', '0', '0']","per-round predicted_label=['0', '0', '0']"
466,879,0,baseline,,,You are a software engineer.,153,1,0,"majority vote across 3 rounds; per-round predicted_label=['0', '0', '0']","per-round predicted_label=['0', '0', '0']"
467,879,0,baseline,,,You are a software engineer.,344,0,0,"majority vote across 3 rounds; per-round predicted_label=['0', '0', '0']","per-round predicted_label=['0', '0', '0']"
468,881,0,baseline,,,You are a software engineer.,346,1,0,"majority vote across 3 rounds; per-round predicted_label=['0', '0', '0']","per-round predicted_label=['0', '0', '0']"
469,881,0,baseline,,,You are a software engineer.,249,0,0,"majority vote across 3 rounds; per-round predicted_label=['0', '0', '0']","per-round predicted_label=['0', '0', '0']"
470,883,0,baseline,,,You are a software engineer.,46,1,0,"majority vote across 3 rounds; per-round predicted_label=['0', '0', '0']","per-round predicted_label=['0', '0', '0']"
471,883,0,baseline,,,You are a software engineer.,114,0,0,"majority vote across 3 rounds; per-round predicted_label=['0', '0', '0']","per-round predicted_label=['0', '0', '0']"
472,886,0,baseline,,,You are a software engineer.,37,1,0,"majority vote across 3 rounds; per-round predicted_label=['0', '0', '0']","per-round predicted_label=['0', '0', '0']"
473,886,0,baseline,,,You are a software engineer.,34,0,0,"majority vote across 3 rounds; per-round predicted_label=['0', '0', '0']","per-round predicted_label=['0', '0', '0']"
474,887,0,baseline,,,You are a software engineer.,19,1,0,"majority vote across 3 rounds; per-round predicted_label=['0', '0', '0']","per-round predicted_label=['0', '0', '0']"
475,887,0,baseline,,,You are a software engineer.,374,0,0,"majority vote across 3 rounds; per-round predicted_label=['0', '0', '0']","per-round predicted_label=['0', '0', '0']"
476,888,0,baseline,,,You are a software engineer.,78,1,0,"majority vote across 3 rounds; per-round predicted_label=['0', '1', '0']","per-round predicted_label=['0', '1', '0']"
477,888,0,baseline,,,You are a software engineer.,123,0,0,"majority vote across 3 rounds; per-round predicted_label=['0', '0', '0']","per-round predicted_label=['0', '0', '0']"
478,889,0,baseline,,,You are a software engineer.,20,1,0,"majority vote across 3 rounds; per-round predicted_label=['0', '0', '0']","per-round predicted_label=['0', '0', '0']"
479,889,0,baseline,,,You are a software engineer.,78,0,0,"majority vote across 3 rounds; per-round predicted_label=['0', '0', '0']","per-round predicted_label=['0', '0', '0']"
480,896,0,baseline,,,You are a software engineer.,19,1,0,"majority vote across 3 rounds; per-round predicted_label=['0', '0', '0']","per-round predicted_label=['0', '0', '0']"
481,896,0,baseline,,,You are a software engineer.,311,0,0,"majority vote across 3 rounds; per-round predicted_label=['0', '0', '0']","per-round predicted_label=['0', '0', '0']"
482,909,0,baseline,,,You are a software engineer.,22,1,0,"majority vote across 3 rounds; per-round predicted_label=['0', '0', '0']","per-round predicted_label=['0', '0', '0']"
483,909,0,baseline,,,You are a software engineer.,262,0,0,"majority vote across 3 rounds; per-round predicted_label=['0', '0', '0']","per-round predicted_label=['0', '0', '0']"
484,911,0,baseline,,,You are a software engineer.,22,1,0,"majority vote across 3 rounds; per-round predicted_label=['0', '0', '0']","per-round predicted_label=['0', '0', '0']"
485,911,0,baseline,,,You are a software engineer.,128,0,0,"majority vote across 3 rounds; per-round predicted_label=['0', '0', '0']","per-round predicted_label=['0', '0', '0']"
486,914,0,baseline,,,You are a software engineer.,27,1,0,"majority vote across 3 rounds; per-round predicted_label=['0', '0', '0']","per-round predicted_label=['0', '0', '0']"
487,914,0,baseline,,,You are a software engineer.,105,0,0,"majority vote across 3 rounds; per-round predicted_label=['0', '0', '0']","per-round predicted_label=['0', '0', '0']"
488,919,0,baseline,,,You are a software engineer.,39,1,0,"majority vote across 3 rounds; per-round predicted_label=['0', '0', '0']","per-round predicted_label=['0', '0', '0']"
489,919,0,baseline,,,You are a software engineer.,98,0,0,"majority vote across 3 rounds; per-round predicted_label=['0', '0', '0']","per-round predicted_label=['0', '0', '0']"
490,920,0,baseline,,,You are a software engineer.,178,1,0,"majority vote across 3 rounds; per-round predicted_label=['0', '0', '0']","per-round predicted_label=['0', '0', '0']"
491,920,0,baseline,,,You are a software engineer.,50,0,0,"majority vote across 3 rounds; per-round predicted_label=['0', '0', '0']","per-round predicted_label=['0', '0', '0']"
492,929,0,baseline,,,You are a software engineer.,225,1,0,"majority vote across 3 rounds; per-round predicted_label=['0', '0', '0']","per-round predicted_label=['0', '0', '0']"
493,929,0,baseline,,,You are a software engineer.,686,0,0,"majority vote across 3 rounds; per-round predicted_label=['0', '0', '0']","per-round predicted_label=['0', '0', '0']"
494,934,0,baseline,,,You are a software engineer.,85,1,0,"majority vote across 3 rounds; per-round predicted_label=['0', '0', '0']","per-round predicted_label=['0', '0', '0']"
495,934,0,baseline,,,You are a software engineer.,453,0,0,"majority vote across 3 rounds; per-round predicted_label=['0', '0', '0']","per-round predicted_label=['0', '0', '0']"
496,936,0,baseline,,,You are a software engineer.,85,1,0,"majority vote across 3 rounds; per-round predicted_label=['0', '0', '0']","per-round predicted_label=['0', '0', '0']"
497,936,0,baseline,,,You are a software engineer.,370,0,0,"majority vote across 3 rounds; per-round predicted_label=['0', '0', '0']","per-round predicted_label=['0', '0', '0']"
498,937,0,baseline,,,You are a software engineer.,127,1,0,"majority vote across 3 rounds; per-round predicted_label=['0', '0', '0']","per-round predicted_label=['0', '0', '0']"
499,937,0,baseline,,,You are a software engineer.,437,0,0,"majority vote across 3 rounds; per-round predicted_label=['0', '0', '0']","per-round predicted_label=['0', '0', '0']"
500,938,0,baseline,,,You are a software engineer.,26,1,0,"majority vote across 3 rounds; per-round predicted_label=['0', '0', '0']","per-round predicted_label=['0', '0', '0']"
501,938,0,baseline,,,You are a software engineer.,29,0,0,"majority vote across 3 rounds; per-round predicted_label=['0', '0', '0']","per-round predicted_label=['0', '0', '0']"
502,939,0,baseline,,,You are a software engineer.,20,1,0,"majority vote across 3 rounds; per-round predicted_label=['0', '0', '0']","per-round predicted_label=['0', '0', '0']"
503,939,0,baseline,,,You are a software engineer.,92,0,0,"majority vote across 3 rounds; per-round predicted_label=['0', '0', '0']","per-round predicted_label=['0', '0', '0']"
504,944,0,baseline,,,You are a software engineer.,78,1,0,"majority vote across 3 rounds; per-round predicted_label=['0', '0', '0']","per-round predicted_label=['0', '0', '0']"
505,944,0,baseline,,,You are a software engineer.,379,0,0,"majority vote across 3 rounds; per-round predicted_label=['0', '0', '0']","per-round predicted_label=['0', '0', '0']"
506,945,0,baseline,,,You are a software engineer.,26,1,0,"majority vote across 3 rounds; per-round predicted_label=['0', '0', '0']","per-round predicted_label=['0', '0', '0']"
507,945,0,baseline,,,You are a software engineer.,4,0,0,"majority vote across 3 rounds; per-round predicted_label=['0', '0', '0']","per-round predicted_label=['0', '0', '0']"
508,949,0,baseline,,,You are a software engineer.,78,1,0,"majority vote across 3 rounds; per-round predicted_label=['0', '0', '0']","per-round predicted_label=['0', '0', '0']"
509,949,0,baseline,,,You are a software engineer.,354,0,0,"majority vote across 3 rounds; per-round predicted_label=['0', '0', '0']","per-round predicted_label=['0', '0', '0']"
510,951,0,baseline,,,You are a software engineer.,26,1,0,"majority vote across 3 rounds; per-round predicted_label=['0', '0', '0']","per-round predicted_label=['0', '0', '0']"
511,951,0,baseline,,,You are a software engineer.,66,0,0,"majority vote across 3 rounds; per-round predicted_label=['0', '0', '0']","per-round predicted_label=['0', '0', '0']"
512,958,0,baseline,,,You are a software engineer.,19,1,0,"majority vote across 3 rounds; per-round predicted_label=['0', '0', '0']","per-round predicted_label=['0', '0', '0']"
513,958,0,baseline,,,You are a software engineer.,108,0,0,"majority vote across 3 rounds; per-round predicted_label=['0', '0', '0']","per-round predicted_label=['0', '0', '0']"
514,963,0,baseline,,,You are a software engineer.,26,1,0,"majority vote across 3 rounds; per-round predicted_label=['0', '0', '0']","per-round predicted_label=['0', '0', '0']"
515,963,0,baseline,,,You are a software engineer.,7,0,0,"majority vote across 3 rounds; per-round predicted_label=['0', '0', '0']","per-round predicted_label=['0', '0', '0']"
516,964,0,baseline,,,You are a software engineer.,19,1,0,"majority vote across 3 rounds; per-round predicted_label=['0', '0', '0']","per-round predicted_label=['0', '0', '0']"
517,964,0,baseline,,,You are a software engineer.,8,0,0,"majority vote across 3 rounds; per-round predicted_label=['0', '0', '0']","per-round predicted_label=['0', '0', '0']"
518,966,0,baseline,,,You are a software engineer.,78,1,0,"majority vote across 3 rounds; per-round predicted_label=['0', '0', '0']","per-round predicted_label=['0', '0', '0']"
519,966,0,baseline,,,You are a software engineer.,208,0,0,"majority vote across 3 rounds; per-round predicted_label=['0', '0', '1']","per-round predicted_label=['0', '0', '1']"
520,967,0,baseline,,,You are a software engineer.,26,1,0,"majority vote across 3 rounds; per-round predicted_label=['0', '0', '0']","per-round predicted_label=['0', '0', '0']"
521,967,0,baseline,,,You are a software engineer.,67,0,0,"majority vote across 3 rounds; per-round predicted_label=['0', '0', '0']","per-round predicted_label=['0', '0', '0']"
522,970,0,baseline,,,You are a software engineer.,127,1,0,"majority vote across 3 rounds; per-round predicted_label=['0', '0', '0']","per-round predicted_label=['0', '0', '0']"
523,970,0,baseline,,,You are a software engineer.,351,0,0,"majority vote across 3 rounds; per-round predicted_label=['0', '0', '0']","per-round predicted_label=['0', '0', '0']"
524,971,0,baseline,,,You are a software engineer.,82,1,0,"majority vote across 3 rounds; per-round predicted_label=['0', '0', '0']","per-round predicted_label=['0', '0', '0']"
525,971,0,baseline,,,You are a software engineer.,411,0,0,"majority vote across 3 rounds; per-round predicted_label=['0', '0', '0']","per-round predicted_label=['0', '0', '0']"
526,972,0,baseline,,,You are a software engineer.,26,1,0,"majority vote across 3 rounds; per-round predicted_label=['0', '0', '0']","per-round predicted_label=['0', '0', '0']"
527,972,0,baseline,,,You are a software engineer.,86,0,0,"majority vote across 3 rounds; per-round predicted_label=['0', '0', '0']","per-round predicted_label=['0', '0', '0']"
528,977,0,baseline,,,You are a software engineer.,127,1,0,"majority vote across 3 rounds; per-round predicted_label=['0', '0', '0']","per-round predicted_label=['0', '0', '0']"
529,977,0,baseline,,,You are a software engineer.,112,0,0,"majority vote across 3 rounds; per-round predicted_label=['0', '0', '0']","per-round predicted_label=['0', '0', '0']"
530,978,0,baseline,,,You are a software engineer.,494,1,0,"majority vote across 3 rounds; per-round predicted_label=['0', '0', '0']","per-round predicted_label=['0', '0', '0']"
531,978,0,baseline,,,You are a software engineer.,255,0,0,"majority vote across 3 rounds; per-round predicted_label=['0', '0', '0']","per-round predicted_label=['0', '0', '0']"
532,982,0,baseline,,,You are a software engineer.,41,1,0,"majority vote across 3 rounds; per-round predicted_label=['0', '0', '0']","per-round predicted_label=['0', '0', '0']"
533,982,0,baseline,,,You are a software engineer.,25,0,0,"majority vote across 3 rounds; per-round predicted_label=['0', '0', '0']","per-round predicted_label=['0', '0', '0']"
534,985,0,baseline,,,You are a software engineer.,706,1,0,"majority vote across 3 rounds; per-round predicted_label=['0', '0', '0']","per-round predicted_label=['0', '0', '0']"
535,985,0,baseline,,,You are a software engineer.,195,0,0,"majority vote across 3 rounds; per-round predicted_label=['0', '1', '0']","per-round predicted_label=['0', '1', '0']"
536,989,0,baseline,,,You are a software engineer.,43,1,0,"majority vote across 3 rounds; per-round predicted_label=['0', '0', '0']","per-round predicted_label=['0', '0', '0']"
537,989,0,baseline,,,You are a software engineer.,89,0,0,"majority vote across 3 rounds; per-round predicted_label=['0', '0', '0']","per-round predicted_label=['0', '0', '0']"
538,996,0,baseline,,,You are a software engineer.,57,1,1,"majority vote across 3 rounds; per-round predicted_label=['1', '0', '1']","per-round predicted_label=['1', '0', '1']"
539,996,0,baseline,,,You are a software engineer.,59,0,0,"majority vote across 3 rounds; per-round predicted_label=['0', '0', '0']","per-round predicted_label=['0', '0', '0']"
540,1001,0,baseline,,,You are a software engineer.,32,1,0,"majority vote across 3 rounds; per-round predicted_label=['0', '0', '0']","per-round predicted_label=['0', '0', '0']"
541,1001,0,baseline,,,You are a software engineer.,37,0,0,"majority vote across 3 rounds; per-round predicted_label=['0', '0', '0']","per-round predicted_label=['0', '0', '0']"
542,1003,0,baseline,,,You are a software engineer.,41,1,0,"majority vote across 3 rounds; per-round predicted_label=['0', '0', '0']","per-round predicted_label=['0', '0', '0']"
543,1003,0,baseline,,,You are a software engineer.,222,0,0,"majority vote across 3 rounds; per-round predicted_label=['0', '0', '0']","per-round predicted_label=['0', '0', '0']"
544,1012,0,baseline,,,You are a software engineer.,54,1,0,"majority vote across 3 rounds; per-round predicted_label=['0', '0', '0']","per-round predicted_label=['0', '0', '0']"
545,1012,0,baseline,,,You are a software engineer.,98,0,0,"majority vote across 3 rounds; per-round predicted_label=['0', '0', '0']","per-round predicted_label=['0', '0', '0']"
546,1013,0,baseline,,,You are a software engineer.,110,1,0,"majority vote across 3 rounds; per-round predicted_label=['0', '0', '0']","per-round predicted_label=['0', '0', '0']"
547,1013,0,baseline,,,You are a software engineer.,298,0,0,"majority vote across 3 rounds; per-round predicted_label=['0', '0', '0']","per-round predicted_label=['0', '0', '0']"
548,1020,0,baseline,,,You are a software engineer.,110,1,0,"majority vote across 3 rounds; per-round predicted_label=['0', '0', '0']","per-round predicted_label=['0', '0', '0']"
549,1020,0,baseline,,,You are a software engineer.,493,0,0,"majority vote across 3 rounds; per-round predicted_label=['0', '0', '0']","per-round predicted_label=['0', '0', '0']"
550,1021,0,baseline,,,You are a software engineer.,110,1,0,"majority vote across 3 rounds; per-round predicted_label=['0', '0', '0']","per-round predicted_label=['0', '0', '0']"
551,1021,0,baseline,,,You are a software engineer.,266,0,0,"majority vote across 3 rounds; per-round predicted_label=['0', '0', '0']","per-round predicted_label=['0', '0', '0']"
552,1028,0,baseline,,,You are a software engineer.,110,1,0,"majority vote across 3 rounds; per-round predicted_label=['0', '0', '0']","per-round predicted_label=['0', '0', '0']"
553,1028,0,baseline,,,You are a software engineer.,78,0,0,"majority vote across 3 rounds; per-round predicted_label=['0', '0', '0']","per-round predicted_label=['0', '0', '0']"
554,1030,0,baseline,,,You are a software engineer.,219,1,0,"majority vote across 3 rounds; per-round predicted_label=['0', '0', '0']","per-round predicted_label=['0', '0', '0']"
555,1030,0,baseline,,,You are a software engineer.,461,0,0,"majority vote across 3 rounds; per-round predicted_label=['0', '0', '0']","per-round predicted_label=['0', '0', '0']"
556,1034,0,baseline,,,You are a software engineer.,231,1,0,"majority vote across 3 rounds; per-round predicted_label=['0', '0', '0']","per-round predicted_label=['0', '0', '0']"
557,1034,0,baseline,,,You are a software engineer.,569,0,0,"majority vote across 3 rounds; per-round predicted_label=['0', '0', '0']","per-round predicted_label=['0', '0', '0']"
558,1039,0,baseline,,,You are a software engineer.,20,1,0,"majority vote across 3 rounds; per-round predicted_label=['0', '0', '0']","per-round predicted_label=['0', '0', '0']"
559,1039,0,baseline,,,You are a software engineer.,13,0,0,"majority vote across 3 rounds; per-round predicted_label=['0', '0', '0']","per-round predicted_label=['0', '0', '0']"
560,1041,0,baseline,,,You are a software engineer.,32,1,0,"majority vote across 3 rounds; per-round predicted_label=['0', '0', '0']","per-round predicted_label=['0', '0', '0']"
561,1041,0,baseline,,,You are a software engineer.,26,0,0,"majority vote across 3 rounds; per-round predicted_label=['0', '0', '0']","per-round predicted_label=['0', '0', '0']"
562,1046,0,baseline,,,You are a software engineer.,100,1,0,"majority vote across 3 rounds; per-round predicted_label=['0', '0', '0']","per-round predicted_label=['0', '0', '0']"
563,1046,0,baseline,,,You are a software engineer.,142,0,0,"majority vote across 3 rounds; per-round predicted_label=['0', '0', '0']","per-round predicted_label=['0', '0', '0']"
564,1050,0,baseline,,,You are a software engineer.,27,1,0,"majority vote across 3 rounds; per-round predicted_label=['0', '0', '0']","per-round predicted_label=['0', '0', '0']"
565,1050,0,baseline,,,You are a software engineer.,8,0,0,"majority vote across 3 rounds; per-round predicted_label=['0', '0', '0']","per-round predicted_label=['0', '0', '0']"
566,1055,0,baseline,,,You are a software engineer.,28,1,0,"majority vote across 3 rounds; per-round predicted_label=['0', '0', '0']","per-round predicted_label=['0', '0', '0']"
567,1055,0,baseline,,,You are a software engineer.,51,0,0,"majority vote across 3 rounds; per-round predicted_label=['0', '0', '0']","per-round predicted_label=['0', '0', '0']"
568,1057,0,baseline,,,You are a software engineer.,184,1,0,"majority vote across 3 rounds; per-round predicted_label=['0', '0', '0']","per-round predicted_label=['0', '0', '0']"
569,1057,0,baseline,,,You are a software engineer.,477,0,0,"majority vote across 3 rounds; per-round predicted_label=['0', '0', '0']","per-round predicted_label=['0', '0', '0']"
570,1058,0,baseline,,,You are a software engineer.,274,1,0,"majority vote across 3 rounds; per-round predicted_label=['0', '0', '0']","per-round predicted_label=['0', '0', '0']"
571,1058,0,baseline,,,You are a software engineer.,243,0,0,"majority vote across 3 rounds; per-round predicted_label=['0', '0', '0']","per-round predicted_label=['0', '0', '0']"
572,1063,0,baseline,,,You are a software engineer.,27,1,0,"majority vote across 3 rounds; per-round predicted_label=['0', '0', '0']","per-round predicted_label=['0', '0', '0']"
573,1063,0,baseline,,,You are a software engineer.,87,0,0,"majority vote across 3 rounds; per-round predicted_label=['0', '0', '0']","per-round predicted_label=['0', '0', '0']"
574,1064,0,baseline,,,You are a software engineer.,92,1,0,"majority vote across 3 rounds; per-round predicted_label=['0', '0', '0']","per-round predicted_label=['0', '0', '0']"
575,1064,0,baseline,,,You are a software engineer.,223,0,0,"majority vote across 3 rounds; per-round predicted_label=['0', '0', '0']","per-round predicted_label=['0', '0', '0']"
576,1074,0,baseline,,,You are a software engineer.,92,1,0,"majority vote across 3 rounds; per-round predicted_label=['0', '0', '0']","per-round predicted_label=['0', '0', '0']"
577,1074,0,baseline,,,You are a software engineer.,256,0,0,"majority vote across 3 rounds; per-round predicted_label=['0', '0', '0']","per-round predicted_label=['0', '0', '0']"
578,1081,0,baseline,,,You are a software engineer.,232,1,0,"majority vote across 3 rounds; per-round predicted_label=['0', '0', '0']","per-round predicted_label=['0', '0', '0']"
579,1081,0,baseline,,,You are a software engineer.,124,0,0,"majority vote across 3 rounds; per-round predicted_label=['0', '0', '0']","per-round predicted_label=['0', '0', '0']"
580,1082,0,baseline,,,You are a software engineer.,281,1,0,"majority vote across 3 rounds; per-round predicted_label=['0', '0', '0']","per-round predicted_label=['0', '0', '0']"
581,1082,0,baseline,,,You are a software engineer.,219,0,0,"majority vote across 3 rounds; per-round predicted_label=['0', '0', '0']","per-round predicted_label=['0', '0', '0']"
582,1083,0,baseline,,,You are a software engineer.,24,1,0,"majority vote across 3 rounds; per-round predicted_label=['0', '0', '0']","per-round predicted_label=['0', '0', '0']"
583,1083,0,baseline,,,You are a software engineer.,207,0,0,"majority vote across 3 rounds; per-round predicted_label=['0', '0', '0']","per-round predicted_label=['0', '0', '0']"
584,1086,0,baseline,,,You are a software engineer.,29,1,0,"majority vote across 3 rounds; per-round predicted_label=['0', '0', '0']","per-round predicted_label=['0', '0', '0']"
585,1086,0,baseline,,,You are a software engineer.,496,0,0,"majority vote across 3 rounds; per-round predicted_label=['0', '0', '0']","per-round predicted_label=['0', '0', '0']"
586,1087,0,baseline,,,You are a software engineer.,34,1,0,"majority vote across 3 rounds; per-round predicted_label=['0', '1', '0']","per-round predicted_label=['0', '1', '0']"
587,1087,0,baseline,,,You are a software engineer.,8,0,0,"majority vote across 3 rounds; per-round predicted_label=['0', '0', '0']","per-round predicted_label=['0', '0', '0']"
588,1097,0,baseline,,,You are a software engineer.,64,1,0,"majority vote across 3 rounds; per-round predicted_label=['0', '0', '0']","per-round predicted_label=['0', '0', '0']"
589,1097,0,baseline,,,You are a software engineer.,86,0,0,"majority vote across 3 rounds; per-round predicted_label=['0', '0', '0']","per-round predicted_label=['0', '0', '0']"
590,1099,0,baseline,,,You are a software engineer.,145,1,0,"majority vote across 3 rounds; per-round predicted_label=['0', '0', '0']","per-round predicted_label=['0', '0', '0']"
591,1099,0,baseline,,,You are a software engineer.,197,0,0,"majority vote across 3 rounds; per-round predicted_label=['0', '0', '0']","per-round predicted_label=['0', '0', '0']"
592,1101,0,baseline,,,You are a software engineer.,151,1,0,"majority vote across 3 rounds; per-round predicted_label=['0', '0', '0']","per-round predicted_label=['0', '0', '0']"
593,1101,0,baseline,,,You are a software engineer.,2,0,0,"majority vote across 3 rounds; per-round predicted_label=['0', '0', '0']","per-round predicted_label=['0', '0', '0']"
594,1102,0,baseline,,,You are a software engineer.,325,1,0,"majority vote across 3 rounds; per-round predicted_label=['0', '0', '0']","per-round predicted_label=['0', '0', '0']"
595,1102,0,baseline,,,You are a software engineer.,200,0,0,"majority vote across 3 rounds; per-round predicted_label=['0', '0', '0']","per-round predicted_label=['0', '0', '0']"
596,1103,0,baseline,,,You are a software engineer.,329,1,0,"majority vote across 3 rounds; per-round predicted_label=['0', '0', '0']","per-round predicted_label=['0', '0', '0']"
597,1103,0,baseline,,,You are a software engineer.,136,0,0,"majority vote across 3 rounds; per-round predicted_label=['0', '0', '0']","per-round predicted_label=['0', '0', '0']"
598,1104,0,baseline,,,You are a software engineer.,47,1,0,"majority vote across 3 rounds; per-round predicted_label=['0', '0', '0']","per-round predicted_label=['0', '0', '0']"
599,1104,0,baseline,,,You are a software engineer.,209,0,0,"majority vote across 3 rounds; per-round predicted_label=['0', '0', '0']","per-round predicted_label=['0', '0', '0']"
600,1111,0,baseline,,,You are a software engineer.,53,1,0,"majority vote across 3 rounds; per-round predicted_label=['0', '0', '0']","per-round predicted_label=['0', '0', '0']"
601,1111,0,baseline,,,You are a software engineer.,124,0,0,"majority vote across 3 rounds; per-round predicted_label=['0', '0', '0']","per-round predicted_label=['0', '0', '0']"
602,1112,0,baseline,,,You are a software engineer.,150,1,0,"majority vote across 3 rounds; per-round predicted_label=['0', '1', '0']","per-round predicted_label=['0', '1', '0']"
603,1112,0,baseline,,,You are a software engineer.,74,0,0,"majority vote across 3 rounds; per-round predicted_label=['0', '0', '0']","per-round predicted_label=['0', '0', '0']"
604,1116,0,baseline,,,You are a software engineer.,106,1,0,"majority vote across 3 rounds; per-round predicted_label=['0', '0', '0']","per-round predicted_label=['0', '0', '0']"
605,1116,0,baseline,,,You are a software engineer.,110,0,0,"majority vote across 3 rounds; per-round predicted_label=['0', '0', '0']","per-round predicted_label=['0', '0', '0']"
606,1117,0,baseline,,,You are a software engineer.,142,1,0,"majority vote across 3 rounds; per-round predicted_label=['0', '0', '0']","per-round predicted_label=['0', '0', '0']"
607,1117,0,baseline,,,You are a software engineer.,145,0,0,"majority vote across 3 rounds; per-round predicted_label=['0', '0', '0']","per-round predicted_label=['0', '0', '0']"
608,1118,0,baseline,,,You are a software engineer.,20,1,0,"majority vote across 3 rounds; per-round predicted_label=['0', '0', '0']","per-round predicted_label=['0', '0', '0']"
609,1118,0,baseline,,,You are a software engineer.,142,0,0,"majority vote across 3 rounds; per-round predicted_label=['0', '0', '0']","per-round predicted_label=['0', '0', '0']"
610,1125,0,baseline,,,You are a software engineer.,124,1,0,"majority vote across 3 rounds; per-round predicted_label=['0', '0', '0']","per-round predicted_label=['0', '0', '0']"
611,1125,0,baseline,,,You are a software engineer.,40,0,0,"majority vote across 3 rounds; per-round predicted_label=['0', '0', '0']","per-round predicted_label=['0', '0', '0']"
612,1131,0,baseline,,,You are a software engineer.,90,1,0,"majority vote across 3 rounds; per-round predicted_label=['0', '0', '0']","per-round predicted_label=['0', '0', '0']"
613,1131,0,baseline,,,You are a software engineer.,100,0,0,"majority vote across 3 rounds; per-round predicted_label=['0', '0', '0']","per-round predicted_label=['0', '0', '0']"
614,1133,0,baseline,,,You are a software engineer.,20,1,0,"majority vote across 3 rounds; per-round predicted_label=['0', '0', '0']","per-round predicted_label=['0', '0', '0']"
615,1133,0,baseline,,,You are a software engineer.,317,0,0,"majority vote across 3 rounds; per-round predicted_label=['0', '0', '0']","per-round predicted_label=['0', '0', '0']"
616,1138,0,baseline,,,You are a software engineer.,36,1,0,"majority vote across 3 rounds; per-round predicted_label=['0', '0', '0']","per-round predicted_label=['0', '0', '0']"
617,1138,0,baseline,,,You are a software engineer.,28,0,0,"majority vote across 3 rounds; per-round predicted_label=['0', '0', '0']","per-round predicted_label=['0', '0', '0']"
618,1140,0,baseline,,,You are a software engineer.,24,1,0,"majority vote across 3 rounds; per-round predicted_label=['0', '0', '0']","per-round predicted_label=['0', '0', '0']"
619,1140,0,baseline,,,You are a software engineer.,15,0,0,"majority vote across 3 rounds; per-round predicted_label=['0', '0', '0']","per-round predicted_label=['0', '0', '0']"
620,1141,0,baseline,,,You are a software engineer.,61,1,0,"majority vote across 3 rounds; per-round predicted_label=['0', '0', '0']","per-round predicted_label=['0', '0', '0']"
621,1141,0,baseline,,,You are a software engineer.,8,0,0,"majority vote across 3 rounds; per-round predicted_label=['0', '0', '0']","per-round predicted_label=['0', '0', '0']"
622,1142,0,baseline,,,You are a software engineer.,97,1,0,"majority vote across 3 rounds; per-round predicted_label=['0', '0', '0']","per-round predicted_label=['0', '0', '0']"
623,1142,0,baseline,,,You are a software engineer.,162,0,0,"majority vote across 3 rounds; per-round predicted_label=['0', '0', '0']","per-round predicted_label=['0', '0', '0']"
624,1143,0,baseline,,,You are a software engineer.,20,1,0,"majority vote across 3 rounds; per-round predicted_label=['0', '0', '0']","per-round predicted_label=['0', '0', '0']"
625,1143,0,baseline,,,You are a software engineer.,63,0,0,"majority vote across 3 rounds; per-round predicted_label=['0', '0', '0']","per-round predicted_label=['0', '0', '0']"
626,1160,0,baseline,,,You are a software engineer.,39,1,0,"majority vote across 3 rounds; per-round predicted_label=['0', '0', '0']","per-round predicted_label=['0', '0', '0']"
627,1160,0,baseline,,,You are a software engineer.,4,0,0,"majority vote across 3 rounds; per-round predicted_label=['0', '0', '0']","per-round predicted_label=['0', '0', '0']"
628,1169,0,baseline,,,You are a software engineer.,39,1,0,"majority vote across 3 rounds; per-round predicted_label=['0', '0', '0']","per-round predicted_label=['0', '0', '0']"
629,1169,0,baseline,,,You are a software engineer.,38,0,0,"majority vote across 3 rounds; per-round predicted_label=['0', '0', '0']","per-round predicted_label=['0', '0', '0']"
630,1176,0,baseline,,,You are a software engineer.,50,1,0,"majority vote across 3 rounds; per-round predicted_label=['0', '0', '0']","per-round predicted_label=['0', '0', '0']"
631,1176,0,baseline,,,You are a software engineer.,63,0,0,"majority vote across 3 rounds; per-round predicted_label=['0', '0', '0']","per-round predicted_label=['0', '0', '0']"
632,1179,0,baseline,,,You are a software engineer.,23,1,0,"majority vote across 3 rounds; per-round predicted_label=['0', '0', '0']","per-round predicted_label=['0', '0', '0']"
633,1179,0,baseline,,,You are a software engineer.,169,0,0,"majority vote across 3 rounds; per-round predicted_label=['0', '0', '0']","per-round predicted_label=['0', '0', '0']"
634,1188,0,baseline,,,You are a software engineer.,23,1,0,"majority vote across 3 rounds; per-round predicted_label=['0', '0', '0']","per-round predicted_label=['0', '0', '0']"
635,1188,0,baseline,,,You are a software engineer.,290,0,0,"majority vote across 3 rounds; per-round predicted_label=['0', '0', '0']","per-round predicted_label=['0', '0', '0']"
636,1190,0,baseline,,,You are a software engineer.,118,1,0,"majority vote across 3 rounds; per-round predicted_label=['0', '0', '0']","per-round predicted_label=['0', '0', '0']"
637,1190,0,baseline,,,You are a software engineer.,273,0,0,"majority vote across 3 rounds; per-round predicted_label=['0', '0', '0']","per-round predicted_label=['0', '0', '0']"
638,1192,0,baseline,,,You are a software engineer.,328,1,0,"majority vote across 3 rounds; per-round predicted_label=['0', '0', '0']","per-round predicted_label=['0', '0', '0']"
639,1192,0,baseline,,,You are a software engineer.,81,0,0,"majority vote across 3 rounds; per-round predicted_label=['0', '0', '0']","per-round predicted_label=['0', '0', '0']"
640,1193,0,baseline,,,You are a software engineer.,153,1,0,"majority vote across 3 rounds; per-round predicted_label=['0', '0', '0']","per-round predicted_label=['0', '0', '0']"
641,1193,0,baseline,,,You are a software engineer.,59,0,0,"majority vote across 3 rounds; per-round predicted_label=['0', '0', '0']","per-round predicted_label=['0', '0', '0']"
642,1196,0,baseline,,,You are a software engineer.,151,1,0,"majority vote across 3 rounds; per-round predicted_label=['0', '0', '0']","per-round predicted_label=['0', '0', '0']"
643,1196,0,baseline,,,You are a software engineer.,523,0,0,"majority vote across 3 rounds; per-round predicted_label=['0', '0', '0']","per-round predicted_label=['0', '0', '0']"
644,1198,0,baseline,,,You are a software engineer.,541,1,0,"majority vote across 3 rounds; per-round predicted_label=['0', '0', '0']","per-round predicted_label=['0', '0', '0']"
645,1198,0,baseline,,,You are a software engineer.,83,0,0,"majority vote across 3 rounds; per-round predicted_label=['0', '0', '0']","per-round predicted_label=['0', '0', '0']"
646,1208,0,baseline,,,You are a software engineer.,24,1,0,"majority vote across 3 rounds; per-round predicted_label=['0', '0', '0']","per-round predicted_label=['0', '0', '0']"
647,1208,0,baseline,,,You are a software engineer.,12,0,0,"majority vote across 3 rounds; per-round predicted_label=['0', '0', '0']","per-round predicted_label=['0', '0', '0']"
648,1209,0,baseline,,,You are a software engineer.,37,1,0,"majority vote across 3 rounds; per-round predicted_label=['0', '0', '0']","per-round predicted_label=['0', '0', '0']"
649,1209,0,baseline,,,You are a software engineer.,9,0,0,"majority vote across 3 rounds; per-round predicted_label=['0', '0', '0']","per-round predicted_label=['0', '0', '0']"
650,1210,0,baseline,,,You are a software engineer.,36,1,0,"majority vote across 3 rounds; per-round predicted_label=['0', '0', '0']","per-round predicted_label=['0', '0', '0']"
651,1210,0,baseline,,,You are a software engineer.,78,0,0,"majority vote across 3 rounds; per-round predicted_label=['0', '0', '0']","per-round predicted_label=['0', '0', '0']"
652,1211,0,baseline,,,You are a software engineer.,22,1,0,"majority vote across 3 rounds; per-round predicted_label=['0', '0', '0']","per-round predicted_label=['0', '0', '0']"
653,1211,0,baseline,,,You are a software engineer.,9,0,0,"majority vote across 3 rounds; per-round predicted_label=['0', '0', '0']","per-round predicted_label=['0', '0', '0']"
654,1213,0,baseline,,,You are a software engineer.,22,1,0,"majority vote across 3 rounds; per-round predicted_label=['0', '0', '0']","per-round predicted_label=['0', '0', '0']"
655,1213,0,baseline,,,You are a software engineer.,298,0,0,"majority vote across 3 rounds; per-round predicted_label=['0', '0', '0']","per-round predicted_label=['0', '0', '0']"
656,1215,0,baseline,,,You are a software engineer.,322,1,0,"majority vote across 3 rounds; per-round predicted_label=['0', '0', '0']","per-round predicted_label=['0', '0', '0']"
657,1215,0,baseline,,,You are a software engineer.,207,0,0,"majority vote across 3 rounds; per-round predicted_label=['0', '0', '0']","per-round predicted_label=['0', '0', '0']"
658,1217,0,baseline,,,You are a software engineer.,101,1,0,"majority vote across 3 rounds; per-round predicted_label=['0', '0', '0']","per-round predicted_label=['0', '0', '0']"
659,1217,0,baseline,,,You are a software engineer.,62,0,0,"majority vote across 3 rounds; per-round predicted_label=['0', '0', '0']","per-round predicted_label=['0', '0', '0']"
660,1218,0,baseline,,,You are a software engineer.,20,1,0,"majority vote across 3 rounds; per-round predicted_label=['0', '0', '0']","per-round predicted_label=['0', '0', '0']"
661,1218,0,baseline,,,You are a software engineer.,83,0,0,"majority vote across 3 rounds; per-round predicted_label=['0', '0', '0']","per-round predicted_label=['0', '0', '0']"
662,1222,0,baseline,,,You are a software engineer.,59,1,0,"majority vote across 3 rounds; per-round predicted_label=['0', '0', '0']","per-round predicted_label=['0', '0', '0']"
663,1222,0,baseline,,,You are a software engineer.,133,0,0,"majority vote across 3 rounds; per-round predicted_label=['0', '0', '0']","per-round predicted_label=['0', '0', '0']"
664,1225,0,baseline,,,You are a software engineer.,457,1,0,"majority vote across 3 rounds; per-round predicted_label=['0', '0', '0']","per-round predicted_label=['0', '0', '0']"
665,1225,0,baseline,,,You are a software engineer.,625,0,0,"majority vote across 3 rounds; per-round predicted_label=['0', '0', '0']","per-round predicted_label=['0', '0', '0']"
666,1233,0,baseline,,,You are a software engineer.,457,1,0,"majority vote across 3 rounds; per-round predicted_label=['0', '0', '0']","per-round predicted_label=['0', '0', '0']"
667,1233,0,baseline,,,You are a software engineer.,611,0,0,"majority vote across 3 rounds; per-round predicted_label=['0', '0', '0']","per-round predicted_label=['0', '0', '0']"
668,1240,0,baseline,,,You are a software engineer.,389,1,0,"majority vote across 3 rounds; per-round predicted_label=['0', '0', '0']","per-round predicted_label=['0', '0', '0']"
669,1240,0,baseline,,,You are a software engineer.,21,0,0,"majority vote across 3 rounds; per-round predicted_label=['0', '0', '0']","per-round predicted_label=['0', '0', '0']"
670,1244,0,baseline,,,You are a software engineer.,24,1,0,"majority vote across 3 rounds; per-round predicted_label=['0', '0', '0']","per-round predicted_label=['0', '0', '0']"
671,1244,0,baseline,,,You are a software engineer.,62,0,0,"majority vote across 3 rounds; per-round predicted_label=['0', '0', '0']","per-round predicted_label=['0', '0', '0']"
672,1251,0,baseline,,,You are a software engineer.,392,1,0,"majority vote across 3 rounds; per-round predicted_label=['0', '0', '0']","per-round predicted_label=['0', '0', '0']"
673,1251,0,baseline,,,You are a software engineer.,42,0,0,"majority vote across 3 rounds; per-round predicted_label=['0', '0', '0']","per-round predicted_label=['0', '0', '0']"
674,1252,0,baseline,,,You are a software engineer.,26,1,0,"majority vote across 3 rounds; per-round predicted_label=['0', '0', '0']","per-round predicted_label=['0', '0', '0']"
675,1252,0,baseline,,,You are a software engineer.,216,0,0,"majority vote across 3 rounds; per-round predicted_label=['0', '0', '0']","per-round predicted_label=['0', '0', '0']"
676,1255,0,baseline,,,You are a software engineer.,39,1,0,"majority vote across 3 rounds; per-round predicted_label=['0', '0', '0']","per-round predicted_label=['0', '0', '0']"
677,1255,0,baseline,,,You are a software engineer.,44,0,0,"majority vote across 3 rounds; per-round predicted_label=['0', '0', '0']","per-round predicted_label=['0', '0', '0']"
678,1260,0,baseline,,,You are a software engineer.,39,1,0,"majority vote across 3 rounds; per-round predicted_label=['0', '0', '0']","per-round predicted_label=['0', '0', '0']"
679,1260,0,baseline,,,You are a software engineer.,34,0,0,"majority vote across 3 rounds; per-round predicted_label=['0', '0', '0']","per-round predicted_label=['0', '0', '0']"
680,1265,0,baseline,,,You are a software engineer.,22,1,0,"majority vote across 3 rounds; per-round predicted_label=['0', '0', '0']","per-round predicted_label=['0', '0', '0']"
681,1265,0,baseline,,,You are a software engineer.,28,0,0,"majority vote across 3 rounds; per-round predicted_label=['0', '0', '0']","per-round predicted_label=['0', '0', '0']"
682,1266,0,baseline,,,You are a software engineer.,125,1,0,"majority vote across 3 rounds; per-round predicted_label=['0', '0', '0']","per-round predicted_label=['0', '0', '0']"
683,1266,0,baseline,,,You are a software engineer.,81,0,0,"majority vote across 3 rounds; per-round predicted_label=['0', '0', '0']","per-round predicted_label=['0', '0', '0']"
684,1267,0,baseline,,,You are a software engineer.,117,1,0,"majority vote across 3 rounds; per-round predicted_label=['0', '0', '0']","per-round predicted_label=['0', '0', '0']"
685,1267,0,baseline,,,You are a software engineer.,62,0,0,"majority vote across 3 rounds; per-round predicted_label=['0', '0', '0']","per-round predicted_label=['0', '0', '0']"
686,1268,0,baseline,,,You are a software engineer.,41,1,0,"majority vote across 3 rounds; per-round predicted_label=['0', '0', '0']","per-round predicted_label=['0', '0', '0']"
687,1268,0,baseline,,,You are a software engineer.,273,0,0,"majority vote across 3 rounds; per-round predicted_label=['0', '1', '0']","per-round predicted_label=['0', '1', '0']"
688,1274,0,baseline,,,You are a software engineer.,170,1,0,"majority vote across 3 rounds; per-round predicted_label=['0', '0', '0']","per-round predicted_label=['0', '0', '0']"
689,1274,0,baseline,,,You are a software engineer.,102,0,0,"majority vote across 3 rounds; per-round predicted_label=['0', '0', '0']","per-round predicted_label=['0', '0', '0']"
690,1278,0,baseline,,,You are a software engineer.,280,1,0,"majority vote across 3 rounds; per-round predicted_label=['0', '0', '0']","per-round predicted_label=['0', '0', '0']"
691,1278,0,baseline,,,You are a software engineer.,68,0,0,"majority vote across 3 rounds; per-round predicted_label=['0', '0', '0']","per-round predicted_label=['0', '0', '0']"
692,1279,0,baseline,,,You are a software engineer.,132,1,0,"majority vote across 3 rounds; per-round predicted_label=['0', '0', '0']","per-round predicted_label=['0', '0', '0']"
693,1279,0,baseline,,,You are a software engineer.,77,0,0,"majority vote across 3 rounds; per-round predicted_label=['0', '0', '0']","per-round predicted_label=['0', '0', '0']"
694,1280,0,baseline,,,You are a software engineer.,90,1,0,"majority vote across 3 rounds; per-round predicted_label=['0', '0', '0']","per-round predicted_label=['0', '0', '0']"
695,1280,0,baseline,,,You are a software engineer.,59,0,0,"majority vote across 3 rounds; per-round predicted_label=['0', '0', '0']","per-round predicted_label=['0', '0', '0']"
696,1287,0,baseline,,,You are a software engineer.,81,1,0,"majority vote across 3 rounds; per-round predicted_label=['0', '0', '0']","per-round predicted_label=['0', '0', '0']"
697,1287,0,baseline,,,You are a software engineer.,41,0,0,"majority vote across 3 rounds; per-round predicted_label=['0', '0', '0']","per-round predicted_label=['0', '0', '0']"
698,1288,0,baseline,,,You are a software engineer.,86,1,0,"majority vote across 3 rounds; per-round predicted_label=['0', '0', '0']","per-round predicted_label=['0', '0', '0']"
699,1288,0,baseline,,,You are a software engineer.,75,0,0,"majority vote across 3 rounds; per-round predicted_label=['0', '0', '0']","per-round predicted_label=['0', '0', '0']"
700,1290,0,baseline,,,You are a software engineer.,197,1,0,"majority vote across 3 rounds; per-round predicted_label=['0', '0', '0']","per-round predicted_label=['0', '0', '0']"
701,1290,0,baseline,,,You are a software engineer.,3,0,0,"majority vote across 3 rounds; per-round predicted_label=['0', '0', '0']","per-round predicted_label=['0', '0', '0']"
702,1291,0,baseline,,,You are a software engineer.,209,1,0,"majority vote across 3 rounds; per-round predicted_label=['0', '0', '0']","per-round predicted_label=['0', '0', '0']"
703,1291,0,baseline,,,You are a software engineer.,479,0,0,"majority vote across 3 rounds; per-round predicted_label=['0', '0', '0']","per-round predicted_label=['0', '0', '0']"
704,1295,0,baseline,,,You are a software engineer.,27,1,0,"majority vote across 3 rounds; per-round predicted_label=['0', '0', '0']","per-round predicted_label=['0', '0', '0']"
705,1295,0,baseline,,,You are a software engineer.,648,0,0,"majority vote across 3 rounds; per-round predicted_label=['0', '0', '0']","per-round predicted_label=['0', '0', '0']"
706,1300,0,baseline,,,You are a software engineer.,209,1,0,"majority vote across 3 rounds; per-round predicted_label=['0', '0', '0']","per-round predicted_label=['0', '0', '0']"
707,1300,0,baseline,,,You are a software engineer.,103,0,0,"majority vote across 3 rounds; per-round predicted_label=['0', '0', '0']","per-round predicted_label=['0', '0', '0']"
708,1301,0,baseline,,,You are a software engineer.,29,1,0,"majority vote across 3 rounds; per-round predicted_label=['0', '0', '0']","per-round predicted_label=['0', '0', '0']"
709,1301,0,baseline,,,You are a software engineer.,79,0,0,"majority vote across 3 rounds; per-round predicted_label=['0', '0', '0']","per-round predicted_label=['0', '0', '0']"
710,1310,0,baseline,,,You are a software engineer.,520,1,0,"majority vote across 3 rounds; per-round predicted_label=['0', '0', '0']","per-round predicted_label=['0', '0', '0']"
711,1310,0,baseline,,,You are a software engineer.,219,0,0,"majority vote across 3 rounds; per-round predicted_label=['0', '0', '0']","per-round predicted_label=['0', '0', '0']"
712,1312,0,baseline,,,You are a software engineer.,28,1,0,"majority vote across 3 rounds; per-round predicted_label=['0', '0', '0']","per-round predicted_label=['0', '0', '0']"
713,1312,0,baseline,,,You are a software engineer.,34,0,0,"majority vote across 3 rounds; per-round predicted_label=['0', '0', '0']","per-round predicted_label=['0', '0', '0']"
714,1313,0,baseline,,,You are a software engineer.,113,1,0,"majority vote across 3 rounds; per-round predicted_label=['0', '0', '0']","per-round predicted_label=['0', '0', '0']"
715,1313,0,baseline,,,You are a software engineer.,68,0,0,"majority vote across 3 rounds; per-round predicted_label=['0', '0', '0']","per-round predicted_label=['0', '0', '0']"
716,1314,0,baseline,,,You are a software engineer.,214,1,0,"majority vote across 3 rounds; per-round predicted_label=['0', '0', '0']","per-round predicted_label=['0', '0', '0']"
717,1314,0,baseline,,,You are a software engineer.,136,0,0,"majority vote across 3 rounds; per-round predicted_label=['0', '0', '0']","per-round predicted_label=['0', '0', '0']"
718,1316,0,baseline,,,You are a software engineer.,70,1,0,"majority vote across 3 rounds; per-round predicted_label=['0', '0', '0']","per-round predicted_label=['0', '0', '0']"
719,1316,0,baseline,,,You are a software engineer.,524,0,0,"majority vote across 3 rounds; per-round predicted_label=['0', '0', '0']","per-round predicted_label=['0', '0', '0']"
720,1317,0,baseline,,,You are a software engineer.,19,1,0,"majority vote across 3 rounds; per-round predicted_label=['0', '0', '0']","per-round predicted_label=['0', '0', '0']"
721,1317,0,baseline,,,You are a software engineer.,415,0,0,"majority vote across 3 rounds; per-round predicted_label=['0', '0', '0']","per-round predicted_label=['0', '0', '0']"
722,1319,0,baseline,,,You are a software engineer.,137,1,0,"majority vote across 3 rounds; per-round predicted_label=['0', '0', '0']","per-round predicted_label=['0', '0', '0']"
723,1319,0,baseline,,,You are a software engineer.,36,0,0,"majority vote across 3 rounds; per-round predicted_label=['0', '0', '0']","per-round predicted_label=['0', '0', '0']"
724,1320,0,baseline,,,You are a software engineer.,116,1,0,"majority vote across 3 rounds; per-round predicted_label=['0', '0', '0']","per-round predicted_label=['0', '0', '0']"
725,1320,0,baseline,,,You are a software engineer.,127,0,0,"majority vote across 3 rounds; per-round predicted_label=['0', '0', '0']","per-round predicted_label=['0', '0', '0']"
726,1323,0,baseline,,,You are a software engineer.,21,1,0,"majority vote across 3 rounds; per-round predicted_label=['0', '0', '0']","per-round predicted_label=['0', '0', '0']"
727,1323,0,baseline,,,You are a software engineer.,25,0,0,"majority vote across 3 rounds; per-round predicted_label=['0', '0', '0']","per-round predicted_label=['0', '0', '0']"
728,1327,0,baseline,,,You are a software engineer.,32,1,0,"majority vote across 3 rounds; per-round predicted_label=['0', '0', '0']","per-round predicted_label=['0', '0', '0']"
729,1327,0,baseline,,,You are a software engineer.,191,0,0,"majority vote across 3 rounds; per-round predicted_label=['0', '0', '0']","per-round predicted_label=['0', '0', '0']"
730,1329,0,baseline,,,You are a software engineer.,26,1,0,"majority vote across 3 rounds; per-round predicted_label=['0', '0', '0']","per-round predicted_label=['0', '0', '0']"
731,1329,0,baseline,,,You are a software engineer.,42,0,0,"majority vote across 3 rounds; per-round predicted_label=['0', '0', '0']","per-round predicted_label=['0', '0', '0']"
732,1330,0,baseline,,,You are a software engineer.,26,1,0,"majority vote across 3 rounds; per-round predicted_label=['0', '0', '0']","per-round predicted_label=['0', '0', '0']"
733,1330,0,baseline,,,You are a software engineer.,115,0,0,"majority vote across 3 rounds; per-round predicted_label=['0', '0', '0']","per-round predicted_label=['0', '0', '0']"
734,1332,0,baseline,,,You are a software engineer.,146,1,0,"majority vote across 3 rounds; per-round predicted_label=['0', '0', '0']","per-round predicted_label=['0', '0', '0']"
735,1332,0,baseline,,,You are a software engineer.,140,0,0,"majority vote across 3 rounds; per-round predicted_label=['0', '0', '0']","per-round predicted_label=['0', '0', '0']"
736,1333,0,baseline,,,You are a software engineer.,21,1,0,"majority vote across 3 rounds; per-round predicted_label=['0', '0', '0']","per-round predicted_label=['0', '0', '0']"
737,1333,0,baseline,,,You are a software engineer.,27,0,0,"majority vote across 3 rounds; per-round predicted_label=['0', '0', '0']","per-round predicted_label=['0', '0', '0']"
738,1336,0,baseline,,,You are a software engineer.,42,1,0,"majority vote across 3 rounds; per-round predicted_label=['0', '0', '0']","per-round predicted_label=['0', '0', '0']"
739,1336,0,baseline,,,You are a software engineer.,84,0,0,"majority vote across 3 rounds; per-round predicted_label=['0', '0', '0']","per-round predicted_label=['0', '0', '0']"
740,1339,0,baseline,,,You are a software engineer.,41,1,0,"majority vote across 3 rounds; per-round predicted_label=['0', '0', '0']","per-round predicted_label=['0', '0', '0']"
741,1339,0,baseline,,,You are a software engineer.,359,0,0,"majority vote across 3 rounds; per-round predicted_label=['0', '0', '0']","per-round predicted_label=['0', '0', '0']"
742,1345,0,baseline,,,You are a software engineer.,52,1,0,"majority vote across 3 rounds; per-round predicted_label=['1', '0', '0']","per-round predicted_label=['1', '0', '0']"
743,1345,0,baseline,,,You are a software engineer.,71,0,0,"majority vote across 3 rounds; per-round predicted_label=['0', '0', '0']","per-round predicted_label=['0', '0', '0']"
744,1347,0,baseline,,,You are a software engineer.,26,1,0,"majority vote across 3 rounds; per-round predicted_label=['0', '0', '0']","per-round predicted_label=['0', '0', '0']"
745,1347,0,baseline,,,You are a software engineer.,3,0,0,"majority vote across 3 rounds; per-round predicted_label=['0', '0', '0']","per-round predicted_label=['0', '0', '0']"
746,1350,0,baseline,,,You are a software engineer.,35,1,0,"majority vote across 3 rounds; per-round predicted_label=['0', '0', '0']","per-round predicted_label=['0', '0', '0']"
747,1350,0,baseline,,,You are a software engineer.,580,0,0,"majority vote across 3 rounds; per-round predicted_label=['0', '0', '0']","per-round predicted_label=['0', '0', '0']"
748,1351,0,baseline,,,You are a software engineer.,35,1,0,"majority vote across 3 rounds; per-round predicted_label=['0', '0', '0']","per-round predicted_label=['0', '0', '0']"
749,1351,0,baseline,,,You are a software engineer.,78,0,0,"majority vote across 3 rounds; per-round predicted_label=['0', '0', '0']","per-round predicted_label=['0', '0', '0']"
750,1352,0,baseline,,,You are a software engineer.,27,1,0,"majority vote across 3 rounds; per-round predicted_label=['0', '0', '0']","per-round predicted_label=['0', '0', '0']"
751,1352,0,baseline,,,You are a software engineer.,484,0,0,"majority vote across 3 rounds; per-round predicted_label=['0', '0', '0']","per-round predicted_label=['0', '0', '0']"
752,1353,0,baseline,,,You are a software engineer.,27,1,0,"majority vote across 3 rounds; per-round predicted_label=['0', '0', '0']","per-round predicted_label=['0', '0', '0']"
753,1353,0,baseline,,,You are a software engineer.,344,0,0,"majority vote across 3 rounds; per-round predicted_label=['0', '0', '0']","per-round predicted_label=['0', '0', '0']"
754,1356,0,baseline,,,You are a software engineer.,40,1,0,"majority vote across 3 rounds; per-round predicted_label=['0', '0', '0']","per-round predicted_label=['0', '0', '0']"
755,1356,0,baseline,,,You are a software engineer.,55,0,0,"majority vote across 3 rounds; per-round predicted_label=['0', '0', '0']","per-round predicted_label=['0', '0', '0']"
756,1357,0,baseline,,,You are a software engineer.,26,1,0,"majority vote across 3 rounds; per-round predicted_label=['0', '0', '0']","per-round predicted_label=['0', '0', '0']"
757,1357,0,baseline,,,You are a software engineer.,18,0,0,"majority vote across 3 rounds; per-round predicted_label=['0', '0', '0']","per-round predicted_label=['0', '0', '0']"
758,1360,0,baseline,,,You are a software engineer.,29,1,0,"majority vote across 3 rounds; per-round predicted_label=['0', '0', '0']","per-round predicted_label=['0', '0', '0']"
759,1360,0,baseline,,,You are a software engineer.,17,0,0,"majority vote across 3 rounds; per-round predicted_label=['0', '0', '0']","per-round predicted_label=['0', '0', '0']"
760,1361,0,baseline,,,You are a software engineer.,243,1,0,"majority vote across 3 rounds; per-round predicted_label=['0', '0', '0']","per-round predicted_label=['0', '0', '0']"
761,1361,0,baseline,,,You are a software engineer.,30,0,0,"majority vote across 3 rounds; per-round predicted_label=['0', '0', '0']","per-round predicted_label=['0', '0', '0']"
762,1362,0,baseline,,,You are a software engineer.,24,1,0,"majority vote across 3 rounds; per-round predicted_label=['0', '0', '0']","per-round predicted_label=['0', '0', '0']"
763,1362,0,baseline,,,You are a software engineer.,7,0,0,"majority vote across 3 rounds; per-round predicted_label=['0', '0', '0']","per-round predicted_label=['0', '0', '0']"
764,1364,0,baseline,,,You are a software engineer.,23,1,0,"majority vote across 3 rounds; per-round predicted_label=['0', '0', '0']","per-round predicted_label=['0', '0', '0']"
765,1364,0,baseline,,,You are a software engineer.,148,0,0,"majority vote across 3 rounds; per-round predicted_label=['0', '0', '0']","per-round predicted_label=['0', '0', '0']"
766,1365,0,baseline,,,You are a software engineer.,96,1,0,"majority vote across 3 rounds; per-round predicted_label=['0', '0', '0']","per-round predicted_label=['0', '0', '0']"
767,1365,0,baseline,,,You are a software engineer.,21,0,0,"majority vote across 3 rounds; per-round predicted_label=['0', '0', '0']","per-round predicted_label=['0', '0', '0']"
768,1366,0,baseline,,,You are a software engineer.,27,1,0,"majority vote across 3 rounds; per-round predicted_label=['0', '0', '0']","per-round predicted_label=['0', '0', '0']"
769,1366,0,baseline,,,You are a software engineer.,286,0,0,"majority vote across 3 rounds; per-round predicted_label=['0', '0', '0']","per-round predicted_label=['0', '0', '0']"
770,1368,0,baseline,,,You are a software engineer.,88,1,0,"majority vote across 3 rounds; per-round predicted_label=['0', '0', '0']","per-round predicted_label=['0', '0', '0']"
771,1368,0,baseline,,,You are a software engineer.,161,0,0,"majority vote across 3 rounds; per-round predicted_label=['0', '0', '0']","per-round predicted_label=['0', '0', '0']"
772,1372,0,baseline,,,You are a software engineer.,26,1,0,"majority vote across 3 rounds; per-round predicted_label=['0', '0', '0']","per-round predicted_label=['0', '0', '0']"
773,1372,0,baseline,,,You are a software engineer.,56,0,0,"majority vote across 3 rounds; per-round predicted_label=['0', '0', '0']","per-round predicted_label=['0', '0', '0']"
774,1374,0,baseline,,,You are a software engineer.,27,1,0,"majority vote across 3 rounds; per-round predicted_label=['0', '0', '0']","per-round predicted_label=['0', '0', '0']"
775,1374,0,baseline,,,You are a software engineer.,361,0,0,"majority vote across 3 rounds; per-round predicted_label=['0', '0', '0']","per-round predicted_label=['0', '0', '0']"
776,1375,0,baseline,,,You are a software engineer.,26,1,0,"majority vote across 3 rounds; per-round predicted_label=['0', '0', '0']","per-round predicted_label=['0', '0', '0']"
777,1375,0,baseline,,,You are a software engineer.,57,0,0,"majority vote across 3 rounds; per-round predicted_label=['0', '0', '0']","per-round predicted_label=['0', '0', '0']"
778,1376,0,baseline,,,You are a software engineer.,21,1,0,"majority vote across 3 rounds; per-round predicted_label=['0', '0', '0']","per-round predicted_label=['0', '0', '0']"
779,1376,0,baseline,,,You are a software engineer.,190,0,0,"majority vote across 3 rounds; per-round predicted_label=['0', '0', '0']","per-round predicted_label=['0', '0', '0']"
780,1377,0,baseline,,,You are a software engineer.,43,1,0,"majority vote across 3 rounds; per-round predicted_label=['0', '0', '0']","per-round predicted_label=['0', '0', '0']"
781,1377,0,baseline,,,You are a software engineer.,274,0,0,"majority vote across 3 rounds; per-round predicted_label=['0', '0', '0']","per-round predicted_label=['0', '0', '0']"
782,1379,0,baseline,,,You are a software engineer.,22,1,0,"majority vote across 3 rounds; per-round predicted_label=['0', '0', '0']","per-round predicted_label=['0', '0', '0']"
783,1379,0,baseline,,,You are a software engineer.,542,0,0,"majority vote across 3 rounds; per-round predicted_label=['0', '0', '0']","per-round predicted_label=['0', '0', '0']"
784,1380,0,baseline,,,You are a software engineer.,22,1,0,"majority vote across 3 rounds; per-round predicted_label=['0', '0', '0']","per-round predicted_label=['0', '0', '0']"
785,1380,0,baseline,,,You are a software engineer.,527,0,0,"majority vote across 3 rounds; per-round predicted_label=['0', '0', '0']","per-round predicted_label=['0', '0', '0']"
786,1382,0,baseline,,,You are a software engineer.,21,1,0,"majority vote across 3 rounds; per-round predicted_label=['0', '0', '0']","per-round predicted_label=['0', '0', '0']"
787,1382,0,baseline,,,You are a software engineer.,74,0,0,"majority vote across 3 rounds; per-round predicted_label=['0', '0', '0']","per-round predicted_label=['0', '0', '0']"
788,1383,0,baseline,,,You are a software engineer.,23,1,0,"majority vote across 3 rounds; per-round predicted_label=['0', '0', '0']","per-round predicted_label=['0', '0', '0']"
789,1383,0,baseline,,,You are a software engineer.,14,0,0,"majority vote across 3 rounds; per-round predicted_label=['0', '0', '0']","per-round predicted_label=['0', '0', '0']"
790,1384,0,baseline,,,You are a software engineer.,23,1,0,"majority vote across 3 rounds; per-round predicted_label=['0', '0', '0']","per-round predicted_label=['0', '0', '0']"
791,1384,0,baseline,,,You are a software engineer.,26,0,0,"majority vote across 3 rounds; per-round predicted_label=['0', '0', '0']","per-round predicted_label=['0', '0', '0']"
792,1385,0,baseline,,,You are a software engineer.,32,1,0,"majority vote across 3 rounds; per-round predicted_label=['0', '0', '0']","per-round predicted_label=['0', '0', '0']"
793,1385,0,baseline,,,You are a software engineer.,340,0,0,"majority vote across 3 rounds; per-round predicted_label=['0', '0', '0']","per-round predicted_label=['0', '0', '0']"
794,1388,0,baseline,,,You are a software engineer.,21,1,0,"majority vote across 3 rounds; per-round predicted_label=['0', '0', '0']","per-round predicted_label=['0', '0', '0']"
795,1388,0,baseline,,,You are a software engineer.,57,0,0,"majority vote across 3 rounds; per-round predicted_label=['0', '0', '0']","per-round predicted_label=['0', '0', '0']"
796,1389,0,baseline,,,You are a software engineer.,35,1,0,"majority vote across 3 rounds; per-round predicted_label=['0', '0', '0']","per-round predicted_label=['0', '0', '0']"
797,1389,0,baseline,,,You are a software engineer.,329,0,0,"majority vote across 3 rounds; per-round predicted_label=['0', '0', '0']","per-round predicted_label=['0', '0', '0']"
798,1399,0,baseline,,,You are a software engineer.,26,1,0,"majority vote across 3 rounds; per-round predicted_label=['0', '0', '0']","per-round predicted_label=['0', '0', '0']"
799,1399,0,baseline,,,You are a software engineer.,12,0,0,"majority vote across 3 rounds; per-round predicted_label=['0', '0', '0']","per-round predicted_label=['0', '0', '0']"
800,1400,0,baseline,,,You are a software engineer.,23,1,0,"majority vote across 3 rounds; per-round predicted_label=['0', '0', '0']","per-round predicted_label=['0', '0', '0']"
801,1400,0,baseline,,,You are a software engineer.,1,0,0,"majority vote across 3 rounds; per-round predicted_label=['0', '0', '0']","per-round predicted_label=['0', '0', '0']"
802,1401,0,baseline,,,You are a software engineer.,42,1,0,"majority vote across 3 rounds; per-round predicted_label=['0', '0', '0']","per-round predicted_label=['0', '0', '0']"
803,1401,0,baseline,,,You are a software engineer.,174,0,0,"majority vote across 3 rounds; per-round predicted_label=['0', '0', '0']","per-round predicted_label=['0', '0', '0']"
804,1412,0,baseline,,,You are a software engineer.,67,1,0,"majority vote across 3 rounds; per-round predicted_label=['0', '0', '0']","per-round predicted_label=['0', '0', '0']"
805,1412,0,baseline,,,You are a software engineer.,106,0,0,"majority vote across 3 rounds; per-round predicted_label=['0', '0', '0']","per-round predicted_label=['0', '0', '0']"
806,1413,0,baseline,,,You are a software engineer.,31,1,0,"majority vote across 3 rounds; per-round predicted_label=['0', '0', '0']","per-round predicted_label=['0', '0', '0']"
807,1413,0,baseline,,,You are a software engineer.,35,0,0,"majority vote across 3 rounds; per-round predicted_label=['0', '0', '0']","per-round predicted_label=['0', '0', '0']"
808,1416,0,baseline,,,You are a software engineer.,95,1,0,"majority vote across 3 rounds; per-round predicted_label=['0', '0', '0']","per-round predicted_label=['0', '0', '0']"
809,1416,0,baseline,,,You are a software engineer.,136,0,0,"majority vote across 3 rounds; per-round predicted_label=['0', '0', '0']","per-round predicted_label=['0', '0', '0']"
810,1417,0,baseline,,,You are a software engineer.,91,1,0,"majority vote across 3 rounds; per-round predicted_label=['0', '0', '0']","per-round predicted_label=['0', '0', '0']"
811,1417,0,baseline,,,You are a software engineer.,21,0,0,"majority vote across 3 rounds; per-round predicted_label=['0', '0', '0']","per-round predicted_label=['0', '0', '0']"
812,1422,0,baseline,,,You are a software engineer.,25,1,0,"majority vote across 3 rounds; per-round predicted_label=['0', '0', '0']","per-round predicted_label=['0', '0', '0']"
813,1422,0,baseline,,,You are a software engineer.,117,0,0,"majority vote across 3 rounds; per-round predicted_label=['0', '0', '0']","per-round predicted_label=['0', '0', '0']"
814,1423,0,baseline,,,You are a software engineer.,149,1,0,"majority vote across 3 rounds; per-round predicted_label=['0', '0', '0']","per-round predicted_label=['0', '0', '0']"
815,1423,0,baseline,,,You are a software engineer.,142,0,0,"majority vote across 3 rounds; per-round predicted_label=['0', '0', '0']","per-round predicted_label=['0', '0', '0']"
816,1424,0,baseline,,,You are a software engineer.,79,1,0,"majority vote across 3 rounds; per-round predicted_label=['0', '0', '0']","per-round predicted_label=['0', '0', '0']"
817,1424,0,baseline,,,You are a software engineer.,55,0,0,"majority vote across 3 rounds; per-round predicted_label=['0', '0', '0']","per-round predicted_label=['0', '0', '0']"
818,1425,0,baseline,,,You are a software engineer.,94,1,0,"majority vote across 3 rounds; per-round predicted_label=['0', '0', '0']","per-round predicted_label=['0', '0', '0']"
819,1425,0,baseline,,,You are a software engineer.,72,0,0,"majority vote across 3 rounds; per-round predicted_label=['0', '0', '0']","per-round predicted_label=['0', '0', '0']"
820,1430,0,baseline,,,You are a software engineer.,24,1,0,"majority vote across 3 rounds; per-round predicted_label=['0', '0', '0']","per-round predicted_label=['0', '0', '0']"
821,1430,0,baseline,,,You are a software engineer.,5,0,0,"majority vote across 3 rounds; per-round predicted_label=['0', '0', '0']","per-round predicted_label=['0', '0', '0']"
822,1444,0,baseline,,,You are a software engineer.,32,1,0,"majority vote across 3 rounds; per-round predicted_label=['0', '0', '0']","per-round predicted_label=['0', '0', '0']"
823,1444,0,baseline,,,You are a software engineer.,60,0,0,"majority vote across 3 rounds; per-round predicted_label=['0', '0', '0']","per-round predicted_label=['0', '0', '0']"
824,1449,0,baseline,,,You are a software engineer.,85,1,0,"majority vote across 3 rounds; per-round predicted_label=['0', '0', '0']","per-round predicted_label=['0', '0', '0']"
825,1449,0,baseline,,,You are a software engineer.,10,0,0,"majority vote across 3 rounds; per-round predicted_label=['0', '0', '0']","per-round predicted_label=['0', '0', '0']"
826,1456,0,baseline,,,You are a software engineer.,37,1,0,"majority vote across 3 rounds; per-round predicted_label=['0', '0', '0']","per-round predicted_label=['0', '0', '0']"
827,1456,0,baseline,,,You are a software engineer.,733,0,0,"majority vote across 3 rounds; per-round predicted_label=['0', '0', '0']","per-round predicted_label=['0', '0', '0']"
828,1465,0,baseline,,,You are a software engineer.,139,1,0,"majority vote across 3 rounds; per-round predicted_label=['0', '0', '0']","per-round predicted_label=['0', '0', '0']"
829,1465,0,baseline,,,You are a software engineer.,464,0,0,"majority vote across 3 rounds; per-round predicted_label=['0', '0', '0']","per-round predicted_label=['0', '0', '0']"
830,1468,0,baseline,,,You are a software engineer.,22,1,0,"majority vote across 3 rounds; per-round predicted_label=['0', '0', '0']","per-round predicted_label=['0', '0', '0']"
831,1468,0,baseline,,,You are a software engineer.,20,0,0,"majority vote across 3 rounds; per-round predicted_label=['0', '0', '0']","per-round predicted_label=['0', '0', '0']"
832,1470,0,baseline,,,You are a software engineer.,19,1,0,"majority vote across 3 rounds; per-round predicted_label=['0', '0', '0']","per-round predicted_label=['0', '0', '0']"
833,1470,0,baseline,,,You are a software engineer.,315,0,0,"majority vote across 3 rounds; per-round predicted_label=['0', '0', '0']","per-round predicted_label=['0', '0', '0']"
834,1474,0,baseline,,,You are a software engineer.,19,1,0,"majority vote across 3 rounds; per-round predicted_label=['0', '0', '0']","per-round predicted_label=['0', '0', '0']"
835,1474,0,baseline,,,You are a software engineer.,21,0,0,"majority vote across 3 rounds; per-round predicted_label=['0', '0', '0']","per-round predicted_label=['0', '0', '0']"
836,1485,0,baseline,,,You are a software engineer.,218,1,0,"majority vote across 3 rounds; per-round predicted_label=['0', '0', '0']","per-round predicted_label=['0', '0', '0']"
837,1485,0,baseline,,,You are a software engineer.,383,0,0,"majority vote across 3 rounds; per-round predicted_label=['0', '0', '0']","per-round predicted_label=['0', '0', '0']"
838,1490,0,baseline,,,You are a software engineer.,175,1,0,"majority vote across 3 rounds; per-round predicted_label=['0', '0', '0']","per-round predicted_label=['0', '0', '0']"
839,1490,0,baseline,,,You are a software engineer.,150,0,0,"majority vote across 3 rounds; per-round predicted_label=['0', '0', '0']","per-round predicted_label=['0', '0', '0']"
840,1491,0,baseline,,,You are a software engineer.,19,1,0,"majority vote across 3 rounds; per-round predicted_label=['0', '0', '0']","per-round predicted_label=['0', '0', '0']"
841,1491,0,baseline,,,You are a software engineer.,633,0,0,"majority vote across 3 rounds; per-round predicted_label=['0', '0', '0']","per-round predicted_label=['0', '0', '0']"
842,1494,0,baseline,,,You are a software engineer.,227,1,0,"majority vote across 3 rounds; per-round predicted_label=['0', '0', '0']","per-round predicted_label=['0', '0', '0']"
843,1494,0,baseline,,,You are a software engineer.,76,0,0,"majority vote across 3 rounds; per-round predicted_label=['0', '0', '0']","per-round predicted_label=['0', '0', '0']"
844,1495,0,baseline,,,You are a software engineer.,49,1,0,"majority vote across 3 rounds; per-round predicted_label=['0', '0', '0']","per-round predicted_label=['0', '0', '0']"
845,1495,0,baseline,,,You are a software engineer.,222,0,0,"majority vote across 3 rounds; per-round predicted_label=['0', '0', '0']","per-round predicted_label=['0', '0', '0']"
846,1498,0,baseline,,,You are a software engineer.,34,1,0,"majority vote across 3 rounds; per-round predicted_label=['0', '0', '0']","per-round predicted_label=['0', '0', '0']"
847,1498,0,baseline,,,You are a software engineer.,67,0,0,"majority vote across 3 rounds; per-round predicted_label=['0', '0', '0']","per-round predicted_label=['0', '0', '0']"
848,1499,0,baseline,,,You are a software engineer.,49,1,0,"majority vote across 3 rounds; per-round predicted_label=['0', '0', '0']","per-round predicted_label=['0', '0', '0']"
849,1499,0,baseline,,,You are a software engineer.,22,0,0,"majority vote across 3 rounds; per-round predicted_label=['0', '0', '0']","per-round predicted_label=['0', '0', '0']"
850,1504,0,baseline,,,You are a software engineer.,49,1,0,"majority vote across 3 rounds; per-round predicted_label=['0', '0', '0']","per-round predicted_label=['0', '0', '0']"
851,1504,0,baseline,,,You are a software engineer.,159,0,0,"majority vote across 3 rounds; per-round predicted_label=['0', '0', '0']","per-round predicted_label=['0', '0', '0']"
852,1506,0,baseline,,,You are a software engineer.,45,1,0,"majority vote across 3 rounds; per-round predicted_label=['0', '0', '0']","per-round predicted_label=['0', '0', '0']"
853,1506,0,baseline,,,You are a software engineer.,134,0,0,"majority vote across 3 rounds; per-round predicted_label=['0', '0', '0']","per-round predicted_label=['0', '0', '0']"
854,1509,0,baseline,,,You are a software engineer.,62,1,0,"majority vote across 3 rounds; per-round predicted_label=['0', '0', '0']","per-round predicted_label=['0', '0', '0']"
855,1509,0,baseline,,,You are a software engineer.,41,0,0,"majority vote across 3 rounds; per-round predicted_label=['0', '0', '0']","per-round predicted_label=['0', '0', '0']"
856,1512,0,baseline,,,You are a software engineer.,139,1,0,"majority vote across 3 rounds; per-round predicted_label=['0', '0', '0']","per-round predicted_label=['0', '0', '0']"
857,1512,0,baseline,,,You are a software engineer.,234,0,0,"majority vote across 3 rounds; per-round predicted_label=['0', '0', '0']","per-round predicted_label=['0', '0', '0']"
858,1513,0,baseline,,,You are a software engineer.,585,1,0,"majority vote across 3 rounds; per-round predicted_label=['0', '0', '0']","per-round predicted_label=['0', '0', '0']"
859,1513,0,baseline,,,You are a software engineer.,368,0,0,"majority vote across 3 rounds; per-round predicted_label=['0', '0', '0']","per-round predicted_label=['0', '0', '0']"
860,1517,0,baseline,,,You are a software engineer.,104,1,0,"majority vote across 3 rounds; per-round predicted_label=['0', '0', '0']","per-round predicted_label=['0', '0', '0']"
861,1517,0,baseline,,,You are a software engineer.,119,0,0,"majority vote across 3 rounds; per-round predicted_label=['0', '0', '0']","per-round predicted_label=['0', '0', '0']"
862,1519,0,baseline,,,You are a software engineer.,240,1,0,"majority vote across 3 rounds; per-round predicted_label=['0', '1', '0']","per-round predicted_label=['0', '1', '0']"
863,1519,0,baseline,,,You are a software engineer.,353,0,0,"majority vote across 3 rounds; per-round predicted_label=['0', '0', '0']","per-round predicted_label=['0', '0', '0']"
864,1520,0,baseline,,,You are a software engineer.,244,1,0,"majority vote across 3 rounds; per-round predicted_label=['0', '0', '0']","per-round predicted_label=['0', '0', '0']"
865,1520,0,baseline,,,You are a software engineer.,259,0,0,"majority vote across 3 rounds; per-round predicted_label=['0', '0', '0']","per-round predicted_label=['0', '0', '0']"
866,1525,0,baseline,,,You are a software engineer.,40,1,0,"majority vote across 3 rounds; per-round predicted_label=['0', '0', '0']","per-round predicted_label=['0', '0', '0']"
867,1525,0,baseline,,,You are a software engineer.,178,0,0,"majority vote across 3 rounds; per-round predicted_label=['0', '0', '0']","per-round predicted_label=['0', '0', '0']"
868,1526,0,baseline,,,You are a software engineer.,323,1,0,"majority vote across 3 rounds; per-round predicted_label=['0', '0', '0']","per-round predicted_label=['0', '0', '0']"
869,1526,0,baseline,,,You are a software engineer.,106,0,0,"majority vote across 3 rounds; per-round predicted_label=['0', '0', '0']","per-round predicted_label=['0', '0', '0']"
870,1528,0,baseline,,,You are a software engineer.,41,1,0,"majority vote across 3 rounds; per-round predicted_label=['0', '0', '0']","per-round predicted_label=['0', '0', '0']"
871,1528,0,baseline,,,You are a software engineer.,185,0,0,"majority vote across 3 rounds; per-round predicted_label=['0', '0', '0']","per-round predicted_label=['0', '0', '0']"
872,1532,0,baseline,,,You are a software engineer.,43,1,0,"majority vote across 3 rounds; per-round predicted_label=['0', '0', '0']","per-round predicted_label=['0', '0', '0']"
873,1532,0,baseline,,,You are a software engineer.,657,0,0,"majority vote across 3 rounds; per-round predicted_label=['0', '0', '0']","per-round predicted_label=['0', '0', '0']"
874,1535,0,baseline,,,You are a software engineer.,200,1,0,"majority vote across 3 rounds; per-round predicted_label=['0', '0', '0']","per-round predicted_label=['0', '0', '0']"
875,1535,0,baseline,,,You are a software engineer.,105,0,0,"majority vote across 3 rounds; per-round predicted_label=['0', '0', '0']","per-round predicted_label=['0', '0', '0']"
876,1536,0,baseline,,,You are a software engineer.,22,1,0,"majority vote across 3 rounds; per-round predicted_label=['0', '0', '0']","per-round predicted_label=['0', '0', '0']"
877,1536,0,baseline,,,You are a software engineer.,10,0,0,"majority vote across 3 rounds; per-round predicted_label=['0', '0', '0']","per-round predicted_label=['0', '0', '0']"
878,1555,0,baseline,,,You are a software engineer.,28,1,0,"majority vote across 3 rounds; per-round predicted_label=['0', '0', '0']","per-round predicted_label=['0', '0', '0']"
879,1555,0,baseline,,,You are a software engineer.,154,0,0,"majority vote across 3 rounds; per-round predicted_label=['0', '0', '0']","per-round predicted_label=['0', '0', '0']"
880,1577,0,baseline,,,You are a software engineer.,65,1,0,"majority vote across 3 rounds; per-round predicted_label=['0', '0', '0']","per-round predicted_label=['0', '0', '0']"
881,1577,0,baseline,,,You are a software engineer.,61,0,0,"majority vote across 3 rounds; per-round predicted_label=['0', '0', '0']","per-round predicted_label=['0', '0', '0']"
882,1579,0,baseline,,,You are a software engineer.,36,1,0,"majority vote across 3 rounds; per-round predicted_label=['0', '0', '0']","per-round predicted_label=['0', '0', '0']"
883,1579,0,baseline,,,You are a software engineer.,444,0,0,"majority vote across 3 rounds; per-round predicted_label=['0', '0', '0']","per-round predicted_label=['0', '0', '0']"
884,1580,0,baseline,,,You are a software engineer.,52,1,0,"majority vote across 3 rounds; per-round predicted_label=['0', '0', '0']","per-round predicted_label=['0', '0', '0']"
885,1580,0,baseline,,,You are a software engineer.,168,0,0,"majority vote across 3 rounds; per-round predicted_label=['0', '0', '0']","per-round predicted_label=['0', '0', '0']"
886,1583,0,baseline,,,You are a software engineer.,30,1,0,"majority vote across 3 rounds; per-round predicted_label=['0', '0', '0']","per-round predicted_label=['0', '0', '0']"
887,1583,0,baseline,,,You are a software engineer.,12,0,0,"majority vote across 3 rounds; per-round predicted_label=['0', '0', '0']","per-round predicted_label=['0', '0', '0']"
888,1587,0,baseline,,,You are a software engineer.,656,1,0,"majority vote across 3 rounds; per-round predicted_label=['0', '0', '0']","per-round predicted_label=['0', '0', '0']"
889,1587,0,baseline,,,You are a software engineer.,423,0,0,"majority vote across 3 rounds; per-round predicted_label=['0', '0', '0']","per-round predicted_label=['0', '0', '0']"
890,1606,0,baseline,,,You are a software engineer.,80,1,0,"majority vote across 3 rounds; per-round predicted_label=['0', '0', '0']","per-round predicted_label=['0', '0', '0']"
891,1606,0,baseline,,,You are a software engineer.,4,0,0,"majority vote across 3 rounds; per-round predicted_label=['0', '0', '0']","per-round predicted_label=['0', '0', '0']"
892,1613,0,baseline,,,You are a software engineer.,40,1,0,"majority vote across 3 rounds; per-round predicted_label=['0', '0', '0']","per-round predicted_label=['0', '0', '0']"
893,1613,0,baseline,,,You are a software engineer.,113,0,0,"majority vote across 3 rounds; per-round predicted_label=['0', '0', '0']","per-round predicted_label=['0', '0', '0']"
894,1617,0,baseline,,,You are a software engineer.,40,1,0,"majority vote across 3 rounds; per-round predicted_label=['0', '0', '0']","per-round predicted_label=['0', '0', '0']"
895,1617,0,baseline,,,You are a software engineer.,391,0,0,"majority vote across 3 rounds; per-round predicted_label=['0', '0', '0']","per-round predicted_label=['0', '0', '0']"
896,1619,0,baseline,,,You are a software engineer.,40,1,0,"majority vote across 3 rounds; per-round predicted_label=['0', '0', '0']","per-round predicted_label=['0', '0', '0']"
897,1619,0,baseline,,,You are a software engineer.,478,0,0,"majority vote across 3 rounds; per-round predicted_label=['0', '0', '0']","per-round predicted_label=['0', '0', '0']"
898,1620,0,baseline,,,You are a software engineer.,92,1,0,"majority vote across 3 rounds; per-round predicted_label=['0', '0', '0']","per-round predicted_label=['0', '0', '0']"
899,1620,0,baseline,,,You are a software engineer.,43,0,0,"majority vote across 3 rounds; per-round predicted_label=['0', '0', '0']","per-round predicted_label=['0', '0', '0']"
900,1621,0,baseline,,,You are a software engineer.,24,1,0,"majority vote across 3 rounds; per-round predicted_label=['0', '0', '0']","per-round predicted_label=['0', '0', '0']"
901,1621,0,baseline,,,You are a software engineer.,451,0,0,"majority vote across 3 rounds; per-round predicted_label=['0', '0', '0']","per-round predicted_label=['0', '0', '0']"
902,1623,0,baseline,,,You are a software engineer.,19,1,0,"majority vote across 3 rounds; per-round predicted_label=['0', '0', '0']","per-round predicted_label=['0', '0', '0']"
903,1623,0,baseline,,,You are a software engineer.,186,0,0,"majority vote across 3 rounds; per-round predicted_label=['0', '0', '0']","per-round predicted_label=['0', '0', '0']"
904,1628,0,baseline,,,You are a software engineer.,44,1,0,"majority vote across 3 rounds; per-round predicted_label=['0', '0', '0']","per-round predicted_label=['0', '0', '0']"
905,1628,0,baseline,,,You are a software engineer.,424,0,0,"majority vote across 3 rounds; per-round predicted_label=['0', '0', '0']","per-round predicted_label=['0', '0', '0']"
906,1631,0,baseline,,,You are a software engineer.,19,1,0,"majority vote across 3 rounds; per-round predicted_label=['0', '0', '0']","per-round predicted_label=['0', '0', '0']"
907,1631,0,baseline,,,You are a software engineer.,77,0,0,"majority vote across 3 rounds; per-round predicted_label=['0', '0', '0']","per-round predicted_label=['0', '0', '0']"
908,1632,0,baseline,,,You are a software engineer.,787,1,0,"majority vote across 3 rounds; per-round predicted_label=['0', '0', '0']","per-round predicted_label=['0', '0', '0']"
909,1632,0,baseline,,,You are a software engineer.,274,0,0,"majority vote across 3 rounds; per-round predicted_label=['0', '0', '0']","per-round predicted_label=['0', '0', '0']"
910,1633,0,baseline,,,You are a software engineer.,55,1,0,"majority vote across 3 rounds; per-round predicted_label=['0', '0', '0']","per-round predicted_label=['0', '0', '0']"
911,1633,0,baseline,,,You are a software engineer.,169,0,0,"majority vote across 3 rounds; per-round predicted_label=['0', '0', '0']","per-round predicted_label=['0', '0', '0']"
912,1634,0,baseline,,,You are a software engineer.,45,1,0,"majority vote across 3 rounds; per-round predicted_label=['0', '0', '0']","per-round predicted_label=['0', '0', '0']"
913,1634,0,baseline,,,You are a software engineer.,524,0,0,"majority vote across 3 rounds; per-round predicted_label=['0', '0', '0']","per-round predicted_label=['0', '0', '0']"
914,1635,0,baseline,,,You are a software engineer.,45,1,0,"majority vote across 3 rounds; per-round predicted_label=['0', '0', '0']","per-round predicted_label=['0', '0', '0']"
915,1635,0,baseline,,,You are a software engineer.,472,0,0,"majority vote across 3 rounds; per-round predicted_label=['0', '0', '0']","per-round predicted_label=['0', '0', '0']"
916,1639,0,baseline,,,You are a software engineer.,134,1,0,"majority vote across 3 rounds; per-round predicted_label=['0', '0', '0']","per-round predicted_label=['0', '0', '0']"
917,1639,0,baseline,,,You are a software engineer.,111,0,0,"majority vote across 3 rounds; per-round predicted_label=['0', '0', '0']","per-round predicted_label=['0', '0', '0']"
918,1641,0,baseline,,,You are a software engineer.,26,1,0,"majority vote across 3 rounds; per-round predicted_label=['0', '0', '0']","per-round predicted_label=['0', '0', '0']"
919,1641,0,baseline,,,You are a software engineer.,103,0,0,"majority vote across 3 rounds; per-round predicted_label=['0', '0', '0']","per-round predicted_label=['0', '0', '0']"
920,1643,0,baseline,,,You are a software engineer.,25,1,0,"majority vote across 3 rounds; per-round predicted_label=['0', '0', '0']","per-round predicted_label=['0', '0', '0']"
921,1643,0,baseline,,,You are a software engineer.,3,0,0,"majority vote across 3 rounds; per-round predicted_label=['0', '0', '0']","per-round predicted_label=['0', '0', '0']"
922,1645,0,baseline,,,You are a software engineer.,32,1,0,"majority vote across 3 rounds; per-round predicted_label=['0', '0', '0']","per-round predicted_label=['0', '0', '0']"
923,1645,0,baseline,,,You are a software engineer.,58,0,0,"majority vote across 3 rounds; per-round predicted_label=['0', '0', '0']","per-round predicted_label=['0', '0', '0']"
924,1646,0,baseline,,,You are a software engineer.,36,1,0,"majority vote across 3 rounds; per-round predicted_label=['0', '0', '0']","per-round predicted_label=['0', '0', '0']"
925,1646,0,baseline,,,You are a software engineer.,508,0,0,"majority vote across 3 rounds; per-round predicted_label=['0', '0', '0']","per-round predicted_label=['0', '0', '0']"
926,1648,0,baseline,,,You are a software engineer.,36,1,0,"majority vote across 3 rounds; per-round predicted_label=['0', '0', '0']","per-round predicted_label=['0', '0', '0']"
927,1648,0,baseline,,,You are a software engineer.,231,0,0,"majority vote across 3 rounds; per-round predicted_label=['0', '0', '0']","per-round predicted_label=['0', '0', '0']"
928,1649,0,baseline,,,You are a software engineer.,115,1,0,"majority vote across 3 rounds; per-round predicted_label=['0', '0', '0']","per-round predicted_label=['0', '0', '0']"
929,1649,0,baseline,,,You are a software engineer.,212,0,0,"majority vote across 3 rounds; per-round predicted_label=['0', '0', '0']","per-round predicted_label=['0', '0', '0']"
930,1655,0,baseline,,,You are a software engineer.,36,1,0,"majority vote across 3 rounds; per-round predicted_label=['0', '0', '0']","per-round predicted_label=['0', '0', '0']"
931,1655,0,baseline,,,You are a software engineer.,492,0,0,"majority vote across 3 rounds; per-round predicted_label=['0', '0', '0']","per-round predicted_label=['0', '0', '0']"
932,1657,0,baseline,,,You are a software engineer.,72,1,0,"majority vote across 3 rounds; per-round predicted_label=['0', '0', '0']","per-round predicted_label=['0', '0', '0']"
933,1657,0,baseline,,,You are a software engineer.,94,0,0,"majority vote across 3 rounds; per-round predicted_label=['0', '1', '0']","per-round predicted_label=['0', '1', '0']"
934,1658,0,baseline,,,You are a software engineer.,25,1,0,"majority vote across 3 rounds; per-round predicted_label=['0', '0', '0']","per-round predicted_label=['0', '0', '0']"
935,1658,0,baseline,,,You are a software engineer.,80,0,0,"majority vote across 3 rounds; per-round predicted_label=['0', '0', '0']","per-round predicted_label=['0', '0', '0']"
936,1661,0,baseline,,,You are a software engineer.,19,1,0,"majority vote across 3 rounds; per-round predicted_label=['0', '0', '0']","per-round predicted_label=['0', '0', '0']"
937,1661,0,baseline,,,You are a software engineer.,53,0,0,"majority vote across 3 rounds; per-round predicted_label=['0', '0', '0']","per-round predicted_label=['0', '0', '0']"
938,1663,0,baseline,,,You are a software engineer.,248,1,0,"majority vote across 3 rounds; per-round predicted_label=['0', '0', '0']","per-round predicted_label=['0', '0', '0']"
939,1663,0,baseline,,,You are a software engineer.,117,0,0,"majority vote across 3 rounds; per-round predicted_label=['0', '0', '0']","per-round predicted_label=['0', '0', '0']"
940,1668,0,baseline,,,You are a software engineer.,97,1,0,"majority vote across 3 rounds; per-round predicted_label=['0', '0', '0']","per-round predicted_label=['0', '0', '0']"
941,1668,0,baseline,,,You are a software engineer.,58,0,0,"majority vote across 3 rounds; per-round predicted_label=['0', '0', '0']","per-round predicted_label=['0', '0', '0']"
942,1670,0,baseline,,,You are a software engineer.,28,1,0,"majority vote across 3 rounds; per-round predicted_label=['0', '0', '0']","per-round predicted_label=['0', '0', '0']"
943,1670,0,baseline,,,You are a software engineer.,7,0,0,"majority vote across 3 rounds; per-round predicted_label=['0', '0', '0']","per-round predicted_label=['0', '0', '0']"
944,1674,0,baseline,,,You are a software engineer.,397,1,0,"majority vote across 3 rounds; per-round predicted_label=['0', '0', '0']","per-round predicted_label=['0', '0', '0']"
945,1674,0,baseline,,,You are a software engineer.,198,0,0,"majority vote across 3 rounds; per-round predicted_label=['0', '0', '0']","per-round predicted_label=['0', '0', '0']"
946,1677,0,baseline,,,You are a software engineer.,375,1,0,"majority vote across 3 rounds; per-round predicted_label=['0', '0', '0']","per-round predicted_label=['0', '0', '0']"
947,1677,0,baseline,,,You are a software engineer.,411,0,0,"majority vote across 3 rounds; per-round predicted_label=['0', '0', '0']","per-round predicted_label=['0', '0', '0']"
948,1681,0,baseline,,,You are a software engineer.,397,1,0,"majority vote across 3 rounds; per-round predicted_label=['0', '0', '0']","per-round predicted_label=['0', '0', '0']"
949,1681,0,baseline,,,You are a software engineer.,337,0,0,"majority vote across 3 rounds; per-round predicted_label=['0', '0', '0']","per-round predicted_label=['0', '0', '0']"
950,1684,0,baseline,,,You are a software engineer.,21,1,0,"majority vote across 3 rounds; per-round predicted_label=['0', '0', '0']","per-round predicted_label=['0', '0', '0']"
951,1684,0,baseline,,,You are a software engineer.,149,0,0,"majority vote across 3 rounds; per-round predicted_label=['0', '0', '0']","per-round predicted_label=['0', '0', '0']"
952,1685,0,baseline,,,You are a software engineer.,39,1,0,"majority vote across 3 rounds; per-round predicted_label=['0', '0', '0']","per-round predicted_label=['0', '0', '0']"
953,1685,0,baseline,,,You are a software engineer.,18,0,0,"majority vote across 3 rounds; per-round predicted_label=['0', '0', '0']","per-round predicted_label=['0', '0', '0']"
954,1687,0,baseline,,,You are a software engineer.,115,1,0,"majority vote across 3 rounds; per-round predicted_label=['0', '0', '0']","per-round predicted_label=['0', '0', '0']"
955,1687,0,baseline,,,You are a software engineer.,200,0,0,"majority vote across 3 rounds; per-round predicted_label=['0', '0', '0']","per-round predicted_label=['0', '0', '0']"
956,1691,0,baseline,,,You are a software engineer.,20,1,0,"majority vote across 3 rounds; per-round predicted_label=['0', '0', '0']","per-round predicted_label=['0', '0', '0']"
957,1691,0,baseline,,,You are a software engineer.,147,0,0,"majority vote across 3 rounds; per-round predicted_label=['0', '0', '0']","per-round predicted_label=['0', '0', '0']"
958,1692,0,baseline,,,You are a software engineer.,16,1,0,"majority vote across 3 rounds; per-round predicted_label=['0', '0', '0']","per-round predicted_label=['0', '0', '0']"
959,1692,0,baseline,,,You are a software engineer.,12,0,0,"majority vote across 3 rounds; per-round predicted_label=['0', '0', '0']","per-round predicted_label=['0', '0', '0']"
960,1693,0,baseline,,,You are a software engineer.,16,1,0,"majority vote across 3 rounds; per-round predicted_label=['0', '0', '0']","per-round predicted_label=['0', '0', '0']"
961,1693,0,baseline,,,You are a software engineer.,62,0,0,"majority vote across 3 rounds; per-round predicted_label=['0', '0', '0']","per-round predicted_label=['0', '0', '0']"
962,1695,0,baseline,,,You are a software engineer.,20,1,0,"majority vote across 3 rounds; per-round predicted_label=['0', '0', '0']","per-round predicted_label=['0', '0', '0']"
963,1695,0,baseline,,,You are a software engineer.,66,0,0,"majority vote across 3 rounds; per-round predicted_label=['0', '0', '0']","per-round predicted_label=['0', '0', '0']"
964,1696,0,baseline,,,You are a software engineer.,20,1,0,"majority vote across 3 rounds; per-round predicted_label=['0', '0', '0']","per-round predicted_label=['0', '0', '0']"
965,1696,0,baseline,,,You are a software engineer.,135,0,0,"majority vote across 3 rounds; per-round predicted_label=['0', '0', '0']","per-round predicted_label=['0', '0', '0']"
966,1697,0,baseline,,,You are a software engineer.,21,1,0,"majority vote across 3 rounds; per-round predicted_label=['0', '0', '0']","per-round predicted_label=['0', '0', '0']"
967,1697,0,baseline,,,You are a software engineer.,8,0,0,"majority vote across 3 rounds; per-round predicted_label=['0', '0', '0']","per-round predicted_label=['0', '0', '0']"
968,1700,0,baseline,,,You are a software engineer.,84,1,0,"majority vote across 3 rounds; per-round predicted_label=['0', '0', '0']","per-round predicted_label=['0', '0', '0']"
969,1700,0,baseline,,,You are a software engineer.,15,0,0,"majority vote across 3 rounds; per-round predicted_label=['0', '0', '0']","per-round predicted_label=['0', '0', '0']"
970,1701,0,baseline,,,You are a software engineer.,71,1,0,"majority vote across 3 rounds; per-round predicted_label=['0', '0', '0']","per-round predicted_label=['0', '0', '0']"
971,1701,0,baseline,,,You are a software engineer.,67,0,0,"majority vote across 3 rounds; per-round predicted_label=['0', '0', '0']","per-round predicted_label=['0', '0', '0']"
972,1710,0,baseline,,,You are a software engineer.,45,1,0,"majority vote across 3 rounds; per-round predicted_label=['0', '0', '0']","per-round predicted_label=['0', '0', '0']"
973,1710,0,baseline,,,You are a software engineer.,49,0,0,"majority vote across 3 rounds; per-round predicted_label=['0', '0', '0']","per-round predicted_label=['0', '0', '0']"
974,1717,0,baseline,,,You are a software engineer.,48,1,0,"majority vote across 3 rounds; per-round predicted_label=['0', '0', '0']","per-round predicted_label=['0', '0', '0']"
975,1717,0,baseline,,,You are a software engineer.,77,0,0,"majority vote across 3 rounds; per-round predicted_label=['0', '0', '1']","per-round predicted_label=['0', '0', '1']"
976,1720,0,baseline,,,You are a software engineer.,655,1,0,"majority vote across 3 rounds; per-round predicted_label=['0', '0', '0']","per-round predicted_label=['0', '0', '0']"
977,1720,0,baseline,,,You are a software engineer.,272,0,0,"majority vote across 3 rounds; per-round predicted_label=['0', '0', '0']","per-round predicted_label=['0', '0', '0']"
978,1722,0,baseline,,,You are a software engineer.,38,1,0,"majority vote across 3 rounds; per-round predicted_label=['0', '0', '0']","per-round predicted_label=['0', '0', '0']"
979,1722,0,baseline,,,You are a software engineer.,41,0,0,"majority vote across 3 rounds; per-round predicted_label=['0', '0', '0']","per-round predicted_label=['0', '0', '0']"
980,1723,0,baseline,,,You are a software engineer.,32,1,0,"majority vote across 3 rounds; per-round predicted_label=['0', '0', '0']","per-round predicted_label=['0', '0', '0']"
981,1723,0,baseline,,,You are a software engineer.,61,0,0,"majority vote across 3 rounds; per-round predicted_label=['0', '0', '0']","per-round predicted_label=['0', '0', '0']"
982,1734,0,baseline,,,You are a software engineer.,25,1,0,"majority vote across 3 rounds; per-round predicted_label=['0', '0', '0']","per-round predicted_label=['0', '0', '0']"
983,1734,0,baseline,,,You are a software engineer.,155,0,0,"majority vote across 3 rounds; per-round predicted_label=['0', '0', '0']","per-round predicted_label=['0', '0', '0']"
984,1735,0,baseline,,,You are a software engineer.,34,1,0,"majority vote across 3 rounds; per-round predicted_label=['0', '0', '0']","per-round predicted_label=['0', '0', '0']"
985,1735,0,baseline,,,You are a software engineer.,115,0,0,"majority vote across 3 rounds; per-round predicted_label=['0', '0', '0']","per-round predicted_label=['0', '0', '0']"
986,1736,0,baseline,,,You are a software engineer.,19,1,0,"majority vote across 3 rounds; per-round predicted_label=['0', '0', '0']","per-round predicted_label=['0', '0', '0']"
987,1736,0,baseline,,,You are a software engineer.,12,0,0,"majority vote across 3 rounds; per-round predicted_label=['0', '0', '0']","per-round predicted_label=['0', '0', '0']"
988,1737,0,baseline,,,You are a software engineer.,34,1,0,"majority vote across 3 rounds; per-round predicted_label=['0', '0', '0']","per-round predicted_label=['0', '0', '0']"
989,1737,0,baseline,,,You are a software engineer.,168,0,0,"majority vote across 3 rounds; per-round predicted_label=['0', '0', '0']","per-round predicted_label=['0', '0', '0']"
990,1739,0,baseline,,,You are a software engineer.,22,1,0,"majority vote across 3 rounds; per-round predicted_label=['0', '0', '0']","per-round predicted_label=['0', '0', '0']"
991,1739,0,baseline,,,You are a software engineer.,255,0,0,"majority vote across 3 rounds; per-round predicted_label=['0', '0', '0']","per-round predicted_label=['0', '0', '0']"
992,1740,0,baseline,,,You are a software engineer.,20,1,0,"majority vote across 3 rounds; per-round predicted_label=['0', '0', '0']","per-round predicted_label=['0', '0', '0']"
993,1740,0,baseline,,,You are a software engineer.,96,0,0,"majority vote across 3 rounds; per-round predicted_label=['1', '0', '0']","per-round predicted_label=['1', '0', '0']"
994,1741,0,baseline,,,You are a software engineer.,27,1,0,"majority vote across 3 rounds; per-round predicted_label=['0', '0', '0']","per-round predicted_label=['0', '0', '0']"
995,1741,0,baseline,,,You are a software engineer.,310,0,0,"majority vote across 3 rounds; per-round predicted_label=['0', '0', '0']","per-round predicted_label=['0', '0', '0']"
996,1742,0,baseline,,,You are a software engineer.,22,1,0,"majority vote across 3 rounds; per-round predicted_label=['0', '0', '0']","per-round predicted_label=['0', '0', '0']"
997,1742,0,baseline,,,You are a software engineer.,35,0,0,"majority vote across 3 rounds; per-round predicted_label=['0', '0', '0']","per-round predicted_label=['0', '0', '0']"
998,1743,0,baseline,,,You are a software engineer.,31,1,0,"majority vote across 3 rounds; per-round predicted_label=['0', '0', '0']","per-round predicted_label=['0', '0', '0']"
999,1743,0,baseline,,,You are a software engineer.,423,0,0,"majority vote across 3 rounds; per-round predicted_label=['0', '0', '0']","per-round predicted_label=['0', '0', '0']"
